Workbook

Sheet exerc
A1: NUMEXERC | B1: DESEXERC | C1: HORAINICIO | D1: ALTITRANS | E1: NUMSUBMAP1 | F1: NUMSUBMAP2 | G1: NUMSUBMAP3 | H1: NUMSUBMAP4 | I1: QNH | J1: LIMINFQNH | K1: LIMSUPQNH | L1: PENDQNH | M1: NUMFORMMET | N1: CONSOLES
A2: 1 | B2: TESTE 1 | C2: 0.375 | D2: 8000 | E2: 1 | F2: 2 | G2: 3 | H2: 4 | I2: 1013 | J2: 955 | K2: 1055 | L2: 0.1 | N2: 0102

Sheet acft-exerc
A1: EXERCICIO | B1: TRAF | C1: DESIG | D1: SSR | E1: INDICATIVO | F1: DEP | G1: ARR | H1: PROCED | I1: NIV | J1: VEL(IAS) | K1: PROA | L1: TIPO DE COORD(F/D) | M1: FIXO | N1: DIST(SE POLAR) | O1: RADIAL/GRAUS(SE POLAR) | P1: CampoD | Q1: PIL | R1: ATIV | S1: MSG | T1: TEMMSG | U1: RVSM | V1: RMK
A2: 1 | B2: 1 | C2: A320 | D2: 4444 | E2: TAM3720 | F2: SBRJ | G2: SBCF | H2: STAR RWY 16 SP | I2: 300 | J2: 300 | L2: F | M2: ANSEM | Q2: 1 | R2: 0

Sheet acft-exerc-SCRIPT
A1: EXERCICIO | B1: TRAF | C1: DESIG | D1: SSR | E1: INDICATIVO | F1: DEP | G1: ARR | H1: PROCED | I1: NIV | J1: VEL(IAS) | K1: PROA | L1: TIPO DE COORD(F/D) | M1: FIXO | N1: DIST(SE POLAR) | O1: RADIAL/GRAUS(SE POLAR) | P1: CampoD | Q1: PIL | R1: ATIV | S1: MSG | T1: TEMMSG | U1: RVSM | V1: RMK
A2: {='acft-exerc'!A2:G1000} -> 1 | B2: 1 | C2: A320 | D2: 4444 | E2: TAM3720 | F2: SBRJ | G2: SBCF | H2: =VLOOKUP('acft-exerc'!H2,'lista procedimentos'!A1:B1000,2, FALSE) -> TRJ0073 | I2: {='acft-exerc'!I2:L1000} -> 300 | J2: 300 | L2: F | M2: =ifna(VLOOKUP('acft-exerc'!$M2,FIX!$A$2:$D1000,4, false),"") -> 47 | N2: {='acft-exerc'!N2:V1000} | Q2: 1 | R2: 0
M3: =ifna(VLOOKUP('acft-exerc'!$M3,FIX!$A$2:$D1000,4, false),"")
M4: =ifna(VLOOKUP('acft-exerc'!$M4,FIX!$A$2:$D1000,4, false),"")
M5: =ifna(VLOOKUP('acft-exerc'!$M5,FIX!$A$2:$D1000,4, false),"")
M6: =ifna(VLOOKUP('acft-exerc'!$M6,FIX!$A$2:$D1000,4, false),"")
M7: =ifna(VLOOKUP('acft-exerc'!$M7,FIX!$A$2:$D1000,4, false),"")
M8: =ifna(VLOOKUP('acft-exerc'!$M8,FIX!$A$2:$D1000,4, false),"")
M9: =ifna(VLOOKUP('acft-exerc'!$M9,FIX!$A$2:$D1000,4, false),"")
M10: =ifna(VLOOKUP('acft-exerc'!$M10,FIX!$A$2:$D1000,4, false),"")
M11: =ifna(VLOOKUP('acft-exerc'!$M11,FIX!$A$2:$D1000,4, false),"")
M12: =ifna(VLOOKUP('acft-exerc'!$M12,FIX!$A$2:$D1000,4, false),"")
M13: =ifna(VLOOKUP('acft-exerc'!$M13,FIX!$A$2:$D1000,4, false),"")
M14: =ifna(VLOOKUP('acft-exerc'!$M14,FIX!$A$2:$D1000,4, false),"")
M15: =ifna(VLOOKUP('acft-exerc'!$M15,FIX!$A$2:$D1000,4, false),"")
M16: =ifna(VLOOKUP('acft-exerc'!$M16,FIX!$A$2:$D1000,4, false),"")
M17: =ifna(VLOOKUP('acft-exerc'!$M17,FIX!$A$2:$D1000,4, false),"")
M18: =ifna(VLOOKUP('acft-exerc'!$M18,FIX!$A$2:$D1000,4, false),"")
M19: =ifna(VLOOKUP('acft-exerc'!$M19,FIX!$A$2:$D1000,4, false),"")
M20: =ifna(VLOOKUP('acft-exerc'!$M20,FIX!$A$2:$D1000,4, false),"")
M21: =ifna(VLOOKUP('acft-exerc'!$M21,FIX!$A$2:$D1000,4, false),"")
M22: =ifna(VLOOKUP('acft-exerc'!$M22,FIX!$A$2:$D1000,4, false),"")
M23: =ifna(VLOOKUP('acft-exerc'!$M23,FIX!$A$2:$D1000,4, false),"")
M24: =ifna(VLOOKUP('acft-exerc'!$M24,FIX!$A$2:$D1000,4, false),"")
M25: =ifna(VLOOKUP('acft-exerc'!$M25,FIX!$A$2:$D1000,4, false),"")
M26: =ifna(VLOOKUP('acft-exerc'!$M26,FIX!$A$2:$D1000,4, false),"")
M27: =ifna(VLOOKUP('acft-exerc'!$M27,FIX!$A$2:$D1000,4, false),"")
M28: =ifna(VLOOKUP('acft-exerc'!$M28,FIX!$A$2:$D1000,4, false),"")
M29: =ifna(VLOOKUP('acft-exerc'!$M29,FIX!$A$2:$D1000,4, false),"")
M30: =ifna(VLOOKUP('acft-exerc'!$M30,FIX!$A$2:$D1000,4, false),"")
M31: =ifna(VLOOKUP('acft-exerc'!$M31,FIX!$A$2:$D1000,4, false),"")
M32: =ifna(VLOOKUP('acft-exerc'!$M32,FIX!$A$2:$D1000,4, false),"")
M33: =ifna(VLOOKUP('acft-exerc'!$M33,FIX!$A$2:$D1000,4, false),"")
M34: =ifna(VLOOKUP('acft-exerc'!$M34,FIX!$A$2:$D1000,4, false),"")
M35: =ifna(VLOOKUP('acft-exerc'!$M35,FIX!$A$2:$D1000,4, false),"")
M36: =ifna(VLOOKUP('acft-exerc'!$M36,FIX!$A$2:$D1000,4, false),"")
M37: =ifna(VLOOKUP('acft-exerc'!$M37,FIX!$A$2:$D1000,4, false),"")
M38: =ifna(VLOOKUP('acft-exerc'!$M38,FIX!$A$2:$D1000,4, false),"")
M39: =ifna(VLOOKUP('acft-exerc'!$M39,FIX!$A$2:$D1000,4, false),"")
M40: =ifna(VLOOKUP('acft-exerc'!$M40,FIX!$A$2:$D1000,4, false),"")
M41: =ifna(VLOOKUP('acft-exerc'!$M41,FIX!$A$2:$D1000,4, false),"")
M42: =ifna(VLOOKUP('acft-exerc'!$M42,FIX!$A$2:$D1000,4, false),"")
M43: =ifna(VLOOKUP('acft-exerc'!$M43,FIX!$A$2:$D1000,4, false),"")
M44: =ifna(VLOOKUP('acft-exerc'!$M44,FIX!$A$2:$D1000,4, false),"")
M45: =ifna(VLOOKUP('acft-exerc'!$M45,FIX!$A$2:$D1000,4, false),"")
M46: =ifna(VLOOKUP('acft-exerc'!$M46,FIX!$A$2:$D1000,4, false),"")
M47: =ifna(VLOOKUP('acft-exerc'!$M47,FIX!$A$2:$D1000,4, false),"")
M48: =ifna(VLOOKUP('acft-exerc'!$M48,FIX!$A$2:$D1000,4, false),"")
M49: =ifna(VLOOKUP('acft-exerc'!$M49,FIX!$A$2:$D1000,4, false),"")
M50: =ifna(VLOOKUP('acft-exerc'!$M50,FIX!$A$2:$D1000,4, false),"")
M51: =ifna(VLOOKUP('acft-exerc'!$M51,FIX!$A$2:$D1000,4, false),"")
M52: =ifna(VLOOKUP('acft-exerc'!$M52,FIX!$A$2:$D1000,4, false),"")
M53: =ifna(VLOOKUP('acft-exerc'!$M53,FIX!$A$2:$D1000,4, false),"")
M54: =ifna(VLOOKUP('acft-exerc'!$M54,FIX!$A$2:$D1000,4, false),"")
M55: =ifna(VLOOKUP('acft-exerc'!$M55,FIX!$A$2:$D1000,4, false),"")
M56: =ifna(VLOOKUP('acft-exerc'!$M56,FIX!$A$2:$D1000,4, false),"")
M57: =ifna(VLOOKUP('acft-exerc'!$M57,FIX!$A$2:$D1000,4, false),"")
M58: =ifna(VLOOKUP('acft-exerc'!$M58,FIX!$A$2:$D1000,4, false),"")
M59: =ifna(VLOOKUP('acft-exerc'!$M59,FIX!$A$2:$D1000,4, false),"")
M60: =ifna(VLOOKUP('acft-exerc'!$M60,FIX!$A$2:$D1000,4, false),"")
M61: =ifna(VLOOKUP('acft-exerc'!$M61,FIX!$A$2:$D1000,4, false),"")
M62: =ifna(VLOOKUP('acft-exerc'!$M62,FIX!$A$2:$D1000,4, false),"")
M63: =ifna(VLOOKUP('acft-exerc'!$M63,FIX!$A$2:$D1000,4, false),"")
M64: =ifna(VLOOKUP('acft-exerc'!$M64,FIX!$A$2:$D1000,4, false),"")
M65: =ifna(VLOOKUP('acft-exerc'!$M65,FIX!$A$2:$D1000,4, false),"")
M66: =ifna(VLOOKUP('acft-exerc'!$M66,FIX!$A$2:$D1000,4, false),"")
M67: =ifna(VLOOKUP('acft-exerc'!$M67,FIX!$A$2:$D1000,4, false),"")
M68: =ifna(VLOOKUP('acft-exerc'!$M68,FIX!$A$2:$D1000,4, false),"")
M69: =ifna(VLOOKUP('acft-exerc'!$M69,FIX!$A$2:$D1000,4, false),"")
M70: =ifna(VLOOKUP('acft-exerc'!$M70,FIX!$A$2:$D1000,4, false),"")
M71: =ifna(VLOOKUP('acft-exerc'!$M71,FIX!$A$2:$D1000,4, false),"")
M72: =ifna(VLOOKUP('acft-exerc'!$M72,FIX!$A$2:$D1000,4, false),"")
M73: =ifna(VLOOKUP('acft-exerc'!$M73,FIX!$A$2:$D1000,4, false),"")
M74: =ifna(VLOOKUP('acft-exerc'!$M74,FIX!$A$2:$D1000,4, false),"")
M75: =ifna(VLOOKUP('acft-exerc'!$M75,FIX!$A$2:$D1000,4, false),"")
M76: =ifna(VLOOKUP('acft-exerc'!$M76,FIX!$A$2:$D1000,4, false),"")
M77: =ifna(VLOOKUP('acft-exerc'!$M77,FIX!$A$2:$D1000,4, false),"")
M78: =ifna(VLOOKUP('acft-exerc'!$M78,FIX!$A$2:$D1000,4, false),"")
M79: =ifna(VLOOKUP('acft-exerc'!$M79,FIX!$A$2:$D1000,4, false),"")
M80: =ifna(VLOOKUP('acft-exerc'!$M80,FIX!$A$2:$D1000,4, false),"")
M81: =ifna(VLOOKUP('acft-exerc'!$M81,FIX!$A$2:$D1000,4, false),"")
M82: =ifna(VLOOKUP('acft-exerc'!$M82,FIX!$A$2:$D1000,4, false),"")
M83: =ifna(VLOOKUP('acft-exerc'!$M83,FIX!$A$2:$D1000,4, false),"")
M84: =ifna(VLOOKUP('acft-exerc'!$M84,FIX!$A$2:$D1000,4, false),"")
M85: =ifna(VLOOKUP('acft-exerc'!$M85,FIX!$A$2:$D1000,4, false),"")
M86: =ifna(VLOOKUP('acft-exerc'!$M86,FIX!$A$2:$D1000,4, false),"")
M87: =ifna(VLOOKUP('acft-exerc'!$M87,FIX!$A$2:$D1000,4, false),"")
M88: =ifna(VLOOKUP('acft-exerc'!$M88,FIX!$A$2:$D1000,4, false),"")
M89: =ifna(VLOOKUP('acft-exerc'!$M89,FIX!$A$2:$D1000,4, false),"")
M90: =ifna(VLOOKUP('acft-exerc'!$M90,FIX!$A$2:$D1000,4, false),"")
M91: =ifna(VLOOKUP('acft-exerc'!$M91,FIX!$A$2:$D1000,4, false),"")
M92: =ifna(VLOOKUP('acft-exerc'!$M92,FIX!$A$2:$D1000,4, false),"")
M93: =ifna(VLOOKUP('acft-exerc'!$M93,FIX!$A$2:$D1000,4, false),"")
M94: =ifna(VLOOKUP('acft-exerc'!$M94,FIX!$A$2:$D1000,4, false),"")
M95: =ifna(VLOOKUP('acft-exerc'!$M95,FIX!$A$2:$D1000,4, false),"")
M96: =ifna(VLOOKUP('acft-exerc'!$M96,FIX!$A$2:$D1000,4, false),"")
M97: =ifna(VLOOKUP('acft-exerc'!$M97,FIX!$A$2:$D1000,4, false),"")
M98: =ifna(VLOOKUP('acft-exerc'!$M98,FIX!$A$2:$D1000,4, false),"")
M99: =ifna(VLOOKUP('acft-exerc'!$M99,FIX!$A$2:$D1000,4, false),"")
M100: =ifna(VLOOKUP('acft-exerc'!$M100,FIX!$A$2:$D1000,4, false),"")
...

Sheet lista procedimentos
A1: =IFERROR(__xludf.DUMMYFUNCTION("QUERY({trj!B2:B1000, trj!D2:D1000; sub!B2:B1000, sub!E2:E1000},""where Col1 is not null"")"),"STAR RWY 16 SP") -> STAR RWY 16 SP | B1: =IFERROR(__xludf.DUMMYFUNCTION("""COMPUTED_VALUE"""),"TRJ0073") -> TRJ0073
A2: =IFERROR(__xludf.DUMMYFUNCTION("""COMPUTED_VALUE"""),"SID RWY 16 MIMIP") -> SID RWY 16 MIMIP | B2: =IFERROR(__xludf.DUMMYFUNCTION("""COMPUTED_VALUE"""),"SUB001") -> SUB001

Sheet trj
A1: NUMERO | B1: NOME | C1: STAR?(S/N) | D1: PIPITCHU
A2: 73 | B2: STAR RWY 16 SP | C2: S | D2: =IF(A2<>"",CONCATENATE("TRJ",TEXT($A2,"0000"),""),"") -> TRJ0073
D3: =IF(A3<>"",CONCATENATE("TRJ",TEXT($A3,"0000"),""),"")
D4: =IF(A4<>"",CONCATENATE("TRJ",TEXT($A4,"0000"),""),"")
D5: =IF(A5<>"",CONCATENATE("TRJ",TEXT($A5,"0000"),""),"")
D6: =IF(A6<>"",CONCATENATE("TRJ",TEXT($A6,"0000"),""),"")
D7: =IF(A7<>"",CONCATENATE("TRJ",TEXT($A7,"0000"),""),"")
D8: =IF(A8<>"",CONCATENATE("TRJ",TEXT($A8,"0000"),""),"")
D9: =IF(A9<>"",CONCATENATE("TRJ",TEXT($A9,"0000"),""),"")
D10: =IF(A10<>"",CONCATENATE("TRJ",TEXT($A10,"0000"),""),"")
D11: =IF(A11<>"",CONCATENATE("TRJ",TEXT($A11,"0000"),""),"")
D12: =IF(A12<>"",CONCATENATE("TRJ",TEXT($A12,"0000"),""),"")
D13: =IF(A13<>"",CONCATENATE("TRJ",TEXT($A13,"0000"),""),"")
D14: =IF(A14<>"",CONCATENATE("TRJ",TEXT($A14,"0000"),""),"")
... D695: =IF(A695<>"",CONCATENATE("TRJ",TEXT($A695,"0000"),""),"")

Sheet pts_traje
A1: TRJ | B1: Nro do Ponto | C1: Tipo Coord(F/D) | D1: FIXO | E1: DIST(SE POLAR) | F1: RADIAL/GRAUS(SE POLAR) | G1: CAMPO D | H1: ALTITUDE(FT) | I1: VELOCIDADE(IAS) | J1: PROCEDIMENTO QUE LIGA
A2: STAR RWY 16 SP | B2: 1 | C2: F | D2: KIBAP | H2: 22000 | I2: 270
A3: STAR RWY 16 SP | B3: 2 | C3: F | D3: 5LN15
A4: STAR RWY 16 SP | B4: 3 | C4: F | D4: CF119 | H4: 16000 | I4: 250
A5: STAR RWY 16 SP | B5: 4 | C5: F | D5: CF001
A6: STAR RWY 16 SP | B6: 5 | C6: F | D6: CF153 | H6: =+10000 -> 10000

Sheet pts_traje-SCRIPT
A1: TRJ | B1: Nro do Ponto | C1: Tipo Coord(F/D) | D1: FIXO | E1: DIST(SE POLAR) | F1: RADIAL/GRAUS(SE POLAR) | G1: CAMPO D | H1: ALTITUDE | I1: VELOCIDADE(TAS) | J1: PROCEDIMENTO QUE LIGA
A2: =IFNA(right(VLOOKUP(pts_traje!$A2,trj!$B$2:$D1000,3,FALSE),4),"") -> 0073 | B2: {=pts_traje!B2:C1000} -> 1 | C2: F | D2: =IFNA(VLOOKUP(pts_traje!$D2,FIX!$A$2:$D1000,4,FALSE),"") -> 178 | E2: {=pts_traje!E2:H1000} | H2: 22000 | I2: =IF(pts_traje!$I2<>0,(ROUND(pts_traje!$I2+(pts_traje!$I2*0.02*pts_traje!$H2/1000),0)),"") -> 389 | J2: {=pts_traje!J2:J1000}
A3: =IFNA(right(VLOOKUP(pts_traje!$A3,trj!$B$2:$D1000,3,FALSE),4),"") -> 0073 | B3: 2 | C3: F | D3: =IFNA(VLOOKUP(pts_traje!$D3,FIX!$A$2:$D1000,4,FALSE),"") -> 15 | I3: =IF(pts_traje!$I3<>0,(ROUND(pts_traje!$I3+(pts_traje!$I3*0.02*pts_traje!$H3/1000),0)),"")
A4: =IFNA(right(VLOOKUP(pts_traje!$A4,trj!$B$2:$D1000,3,FALSE),4),"") -> 0073 | B4: 3 | C4: F | D4: =IFNA(VLOOKUP(pts_traje!$D4,FIX!$A$2:$D1000,4,FALSE),"") -> 131 | H4: 16000 | I4: =IF(pts_traje!$I4<>0,(ROUND(pts_traje!$I4+(pts_traje!$I4*0.02*pts_traje!$H4/1000),0)),"") -> 330
A5: =IFNA(right(VLOOKUP(pts_traje!$A5,trj!$B$2:$D1000,3,FALSE),4),"") -> 0073 | B5: 4 | C5: F | D5: =IFNA(VLOOKUP(pts_traje!$D5,FIX!$A$2:$D1000,4,FALSE),"") -> 101 | I5: =IF(pts_traje!$I5<>0,(ROUND(pts_traje!$I5+(pts_traje!$I5*0.02*pts_traje!$H5/1000),0)),"")
A6: =IFNA(right(VLOOKUP(pts_traje!$A6,trj!$B$2:$D1000,3,FALSE),4),"") -> 0073 | B6: 5 | C6: F | D6: =IFNA(VLOOKUP(pts_traje!$D6,FIX!$A$2:$D1000,4,FALSE),"") -> 152 | H6: 10000 | I6: =IF(pts_traje!$I6<>0,(ROUND(pts_traje!$I6+(pts_traje!$I6*0.02*pts_traje!$H6/1000),0)),"")
A7: =IFNA(right(VLOOKUP(pts_traje!$A7,trj!$B$2:$D1000,3,FALSE),4),"") | D7: =IFNA(VLOOKUP(pts_traje!$D7,FIX!$A$2:$D1000,4,FALSE),"") | I7: =IF(pts_traje!$I7<>0,(ROUND(pts_traje!$I7+(pts_traje!$I7*0.02*pts_traje!$H7/1000),0)),"")
A8: =IFNA(right(VLOOKUP(pts_traje!$A8,trj!$B$2:$D1000,3,FALSE),4),"") | D8: =IFNA(VLOOKUP(pts_traje!$D8,FIX!$A$2:$D1000,4,FALSE),"") | I8: =IF(pts_traje!$I8<>0,(ROUND(pts_traje!$I8+(pts_traje!$I8*0.02*pts_traje!$H8/1000),0)),"")
A9: =IFNA(right(VLOOKUP(pts_traje!$A9,trj!$B$2:$D1000,3,FALSE),4),"") | D9: =IFNA(VLOOKUP(pts_traje!$D9,FIX!$A$2:$D1000,4,FALSE),"") | I9: =IF(pts_traje!$I9<>0,(ROUND(pts_traje!$I9+(pts_traje!$I9*0.02*pts_traje!$H9/1000),0)),"")
A10: =IFNA(right(VLOOKUP(pts_traje!$A10,trj!$B$2:$D1000,3,FALSE),4),"") | D10: =IFNA(VLOOKUP(pts_traje!$D10,FIX!$A$2:$D1000,4,FALSE),"") | I10: =IF(pts_traje!$I10<>0,(ROUND(pts_traje!$I10+(pts_traje!$I10*0.02*pts_traje!$H10/1000),0)),"")
A11: =IFNA(right(VLOOKUP(pts_traje!$A11,trj!$B$2:$D1000,3,FALSE),4),"") | D11: =IFNA(VLOOKUP(pts_traje!$D11,FIX!$A$2:$D1000,4,FALSE),"") | I11: =IF(pts_traje!$I11<>0,(ROUND(pts_traje!$I11+(pts_traje!$I11*0.02*pts_traje!$H11/1000),0)),"")
A12: =IFNA(right(VLOOKUP(pts_traje!$A12,trj!$B$2:$D1000,3,FALSE),4),"") | D12: =IFNA(VLOOKUP(pts_traje!$D12,FIX!$A$2:$D1000,4,FALSE),"") | I12: =IF(pts_traje!$I12<>0,(ROUND(pts_traje!$I12+(pts_traje!$I12*0.02*pts_traje!$H12/1000),0)),"")
A13: =IFNA(right(VLOOKUP(pts_traje!$A13,trj!$B$2:$D1000,3,FALSE),4),"") | D13: =IFNA(VLOOKUP(pts_traje!$D13,FIX!$A$2:$D1000,4,FALSE),"") | I13: =IF(pts_traje!$I13<>0,(ROUND(pts_traje!$I13+(pts_traje!$I13*0.02*pts_traje!$H13/1000),0)),"")
A14: =IFNA(right(VLOOKUP(pts_traje!$A14,trj!$B$2:$D1000,3,FALSE),4),"") | D14: =IFNA(VLOOKUP(pts_traje!$D14,FIX!$A$2:$D1000,4,FALSE),"") | I14: =IF(pts_traje!$I14<>0,(ROUND(pts_traje!$I14+(pts_traje!$I14*0.02*pts_traje!$H14/1000),0)),"")
A15: =IFNA(right(VLOOKUP(pts_traje!$A15,trj!$B$2:$D1000,3,FALSE),4),"") | D15: =IFNA(VLOOKUP(pts_traje!$D15,FIX!$A$2:$D1000,4,FALSE),"") | I15: =IF(pts_traje!$I15<>0,(ROUND(pts_traje!$I15+(pts_traje!$I15*0.02*pts_traje!$H15/1000),0)),"")
A16: =IFNA(right(VLOOKUP(pts_traje!$A16,trj!$B$2:$D1000,3,FALSE),4),"") | D16: =IFNA(VLOOKUP(pts_traje!$D16,FIX!$A$2:$D1000,4,FALSE),"") | I16: =IF(pts_traje!$I16<>0,(ROUND(pts_traje!$I16+(pts_traje!$I16*0.02*pts_traje!$H16/1000),0)),"")
A17: =IFNA(right(VLOOKUP(pts_traje!$A17,trj!$B$2:$D1000,3,FALSE),4),"") | D17: =IFNA(VLOOKUP(pts_traje!$D17,FIX!$A$2:$D1000,4,FALSE),"") | I17: =IF(pts_traje!$I17<>0,(ROUND(pts_traje!$I17+(pts_traje!$I17*0.02*pts_traje!$H17/1000),0)),"")
A18: =IFNA(right(VLOOKUP(pts_traje!$A18,trj!$B$2:$D1000,3,FALSE),4),"") | D18: =IFNA(VLOOKUP(pts_traje!$D18,FIX!$A$2:$D1000,4,FALSE),"") | I18: =IF(pts_traje!$I18<>0,(ROUND(pts_traje!$I18+(pts_traje!$I18*0.02*pts_traje!$H18/1000),0)),"")
A19: =IFNA(right(VLOOKUP(pts_traje!$A19,trj!$B$2:$D1000,3,FALSE),4),"") | D19: =IFNA(VLOOKUP(pts_traje!$D19,FIX!$A$2:$D1000,4,FALSE),"") | I19: =IF(pts_traje!$I19<>0,(ROUND(pts_traje!$I19+(pts_traje!$I19*0.02*pts_traje!$H19/1000),0)),"")
A20: =IFNA(right(VLOOKUP(pts_traje!$A20,trj!$B$2:$D1000,3,FALSE),4),"") | D20: =IFNA(VLOOKUP(pts_traje!$D20,FIX!$A$2:$D1000,4,FALSE),"") | I20: =IF(pts_traje!$I20<>0,(ROUND(pts_traje!$I20+(pts_traje!$I20*0.02*pts_traje!$H20/1000),0)),"")
A21: =IFNA(right(VLOOKUP(pts_traje!$A21,trj!$B$2:$D1000,3,FALSE),4),"") | D21: =IFNA(VLOOKUP(pts_traje!$D21,FIX!$A$2:$D1000,4,FALSE),"") | I21: =IF(pts_traje!$I21<>0,(ROUND(pts_traje!$I21+(pts_traje!$I21*0.02*pts_traje!$H21/1000),0)),"")
A22: =IFNA(right(VLOOKUP(pts_traje!$A22,trj!$B$2:$D1000,3,FALSE),4),"") | D22: =IFNA(VLOOKUP(pts_traje!$D22,FIX!$A$2:$D1000,4,FALSE),"") | I22: =IF(pts_traje!$I22<>0,(ROUND(pts_traje!$I22+(pts_traje!$I22*0.02*pts_traje!$H22/1000),0)),"")
A23: =IFNA(right(VLOOKUP(pts_traje!$A23,trj!$B$2:$D1000,3,FALSE),4),"") | D23: =IFNA(VLOOKUP(pts_traje!$D23,FIX!$A$2:$D1000,4,FALSE),"") | I23: =IF(pts_traje!$I23<>0,(ROUND(pts_traje!$I23+(pts_traje!$I23*0.02*pts_traje!$H23/1000),0)),"")
A24: =IFNA(right(VLOOKUP(pts_traje!$A24,trj!$B$2:$D1000,3,FALSE),4),"") | D24: =IFNA(VLOOKUP(pts_traje!$D24,FIX!$A$2:$D1000,4,FALSE),"") | I24: =IF(pts_traje!$I24<>0,(ROUND(pts_traje!$I24+(pts_traje!$I24*0.02*pts_traje!$H24/1000),0)),"")
A25: =IFNA(right(VLOOKUP(pts_traje!$A25,trj!$B$2:$D1000,3,FALSE),4),"") | D25: =IFNA(VLOOKUP(pts_traje!$D25,FIX!$A$2:$D1000,4,FALSE),"") | I25: =IF(pts_traje!$I25<>0,(ROUND(pts_traje!$I25+(pts_traje!$I25*0.02*pts_traje!$H25/1000),0)),"")
A26: =IFNA(right(VLOOKUP(pts_traje!$A26,trj!$B$2:$D1000,3,FALSE),4),"") | D26: =IFNA(VLOOKUP(pts_traje!$D26,FIX!$A$2:$D1000,4,FALSE),"") | I26: =IF(pts_traje!$I26<>0,(ROUND(pts_traje!$I26+(pts_traje!$I26*0.02*pts_traje!$H26/1000),0)),"")
A27: =IFNA(right(VLOOKUP(pts_traje!$A27,trj!$B$2:$D1000,3,FALSE),4),"") | D27: =IFNA(VLOOKUP(pts_traje!$D27,FIX!$A$2:$D1000,4,FALSE),"") | I27: =IF(pts_traje!$I27<>0,(ROUND(pts_traje!$I27+(pts_traje!$I27*0.02*pts_traje!$H27/1000),0)),"")
A28: =IFNA(right(VLOOKUP(pts_traje!$A28,trj!$B$2:$D1000,3,FALSE),4),"") | D28: =IFNA(VLOOKUP(pts_traje!$D28,FIX!$A$2:$D1000,4,FALSE),"") | I28: =IF(pts_traje!$I28<>0,(ROUND(pts_traje!$I28+(pts_traje!$I28*0.02*pts_traje!$H28/1000),0)),"")
A29: =IFNA(right(VLOOKUP(pts_traje!$A29,trj!$B$2:$D1000,3,FALSE),4),"") | D29: =IFNA(VLOOKUP(pts_traje!$D29,FIX!$A$2:$D1000,4,FALSE),"") | I29: =IF(pts_traje!$I29<>0,(ROUND(pts_traje!$I29+(pts_traje!$I29*0.02*pts_traje!$H29/1000),0)),"")
A30: =IFNA(right(VLOOKUP(pts_traje!$A30,trj!$B$2:$D1000,3,FALSE),4),"") | D30: =IFNA(VLOOKUP(pts_traje!$D30,FIX!$A$2:$D1000,4,FALSE),"") | I30: =IF(pts_traje!$I30<>0,(ROUND(pts_traje!$I30+(pts_traje!$I30*0.02*pts_traje!$H30/1000),0)),"")
A31: =IFNA(right(VLOOKUP(pts_traje!$A31,trj!$B$2:$D1000,3,FALSE),4),"") | D31: =IFNA(VLOOKUP(pts_traje!$D31,FIX!$A$2:$D1000,4,FALSE),"") | I31: =IF(pts_traje!$I31<>0,(ROUND(pts_traje!$I31+(pts_traje!$I31*0.02*pts_traje!$H31/1000),0)),"")
A32: =IFNA(right(VLOOKUP(pts_traje!$A32,trj!$B$2:$D1000,3,FALSE),4),"") | D32: =IFNA(VLOOKUP(pts_traje!$D32,FIX!$A$2:$D1000,4,FALSE),"") | I32: =IF(pts_traje!$I32<>0,(ROUND(pts_traje!$I32+(pts_traje!$I32*0.02*pts_traje!$H32/1000),0)),"")
A33: =IFNA(right(VLOOKUP(pts_traje!$A33,trj!$B$2:$D1000,3,FALSE),4),"") | D33: =IFNA(VLOOKUP(pts_traje!$D33,FIX!$A$2:$D1000,4,FALSE),"") | I33: =IF(pts_traje!$I33<>0,(ROUND(pts_traje!$I33+(pts_traje!$I33*0.02*pts_traje!$H33/1000),0)),"")
A34: =IFNA(right(VLOOKUP(pts_traje!$A34,trj!$B$2:$D1000,3,FALSE),4),"") | D34: =IFNA(VLOOKUP(pts_traje!$D34,FIX!$A$2:$D1000,4,FALSE),"") | I34: =IF(pts_traje!$I34<>0,(ROUND(pts_traje!$I34+(pts_traje!$I34*0.02*pts_traje!$H34/1000),0)),"")
A35: =IFNA(right(VLOOKUP(pts_traje!$A35,trj!$B$2:$D1000,3,FALSE),4),"") | D35: =IFNA(VLOOKUP(pts_traje!$D35,FIX!$A$2:$D1000,4,FALSE),"") | I35: =IF(pts_traje!$I35<>0,(ROUND(pts_traje!$I35+(pts_traje!$I35*0.02*pts_traje!$H35/1000),0)),"")
A36: =IFNA(right(VLOOKUP(pts_traje!$A36,trj!$B$2:$D1000,3,FALSE),4),"") | D36: =IFNA(VLOOKUP(pts_traje!$D36,FIX!$A$2:$D1000,4,FALSE),"") | I36: =IF(pts_traje!$I36<>0,(ROUND(pts_traje!$I36+(pts_traje!$I36*0.02*pts_traje!$H36/1000),0)),"")
A37: =IFNA(right(VLOOKUP(pts_traje!$A37,trj!$B$2:$D1000,3,FALSE),4),"") | D37: =IFNA(VLOOKUP(pts_traje!$D37,FIX!$A$2:$D1000,4,FALSE),"") | I37: =IF(pts_traje!$I37<>0,(ROUND(pts_traje!$I37+(pts_traje!$I37*0.02*pts_traje!$H37/1000),0)),"")
A38: =IFNA(right(VLOOKUP(pts_traje!$A38,trj!$B$2:$D1000,3,FALSE),4),"") | D38: =IFNA(VLOOKUP(pts_traje!$D38,FIX!$A$2:$D1000,4,FALSE),"") | I38: =IF(pts_traje!$I38<>0,(ROUND(pts_traje!$I38+(pts_traje!$I38*0.02*pts_traje!$H38/1000),0)),"")
A39: =IFNA(right(VLOOKUP(pts_traje!$A39,trj!$B$2:$D1000,3,FALSE),4),"") | D39: =IFNA(VLOOKUP(pts_traje!$D39,FIX!$A$2:$D1000,4,FALSE),"") | I39: =IF(pts_traje!$I39<>0,(ROUND(pts_traje!$I39+(pts_traje!$I39*0.02*pts_traje!$H39/1000),0)),"")
A40: =IFNA(right(VLOOKUP(pts_traje!$A40,trj!$B$2:$D1000,3,FALSE),4),"") | D40: =IFNA(VLOOKUP(pts_traje!$D40,FIX!$A$2:$D1000,4,FALSE),"") | I40: =IF(pts_traje!$I40<>0,(ROUND(pts_traje!$I40+(pts_traje!$I40*0.02*pts_traje!$H40/1000),0)),"")
A41: =IFNA(right(VLOOKUP(pts_traje!$A41,trj!$B$2:$D1000,3,FALSE),4),"") | D41: =IFNA(VLOOKUP(pts_traje!$D41,FIX!$A$2:$D1000,4,FALSE),"") | I41: =IF(pts_traje!$I41<>0,(ROUND(pts_traje!$I41+(pts_traje!$I41*0.02*pts_traje!$H41/1000),0)),"")
A42: =IFNA(right(VLOOKUP(pts_traje!$A42,trj!$B$2:$D1000,3,FALSE),4),"") | D42: =IFNA(VLOOKUP(pts_traje!$D42,FIX!$A$2:$D1000,4,FALSE),"") | I42: =IF(pts_traje!$I42<>0,(ROUND(pts_traje!$I42+(pts_traje!$I42*0.02*pts_traje!$H42/1000),0)),"")
A43: =IFNA(right(VLOOKUP(pts_traje!$A43,trj!$B$2:$D1000,3,FALSE),4),"") | D43: =IFNA(VLOOKUP(pts_traje!$D43,FIX!$A$2:$D1000,4,FALSE),"") | I43: =IF(pts_traje!$I43<>0,(ROUND(pts_traje!$I43+(pts_traje!$I43*0.02*pts_traje!$H43/1000),0)),"")
A44: =IFNA(right(VLOOKUP(pts_traje!$A44,trj!$B$2:$D1000,3,FALSE),4),"") | D44: =IFNA(VLOOKUP(pts_traje!$D44,FIX!$A$2:$D1000,4,FALSE),"") | I44: =IF(pts_traje!$I44<>0,(ROUND(pts_traje!$I44+(pts_traje!$I44*0.02*pts_traje!$H44/1000),0)),"")
A45: =IFNA(right(VLOOKUP(pts_traje!$A45,trj!$B$2:$D1000,3,FALSE),4),"") | D45: =IFNA(VLOOKUP(pts_traje!$D45,FIX!$A$2:$D1000,4,FALSE),"") | I45: =IF(pts_traje!$I45<>0,(ROUND(pts_traje!$I45+(pts_traje!$I45*0.02*pts_traje!$H45/1000),0)),"")
A46: =IFNA(right(VLOOKUP(pts_traje!$A46,trj!$B$2:$D1000,3,FALSE),4),"") | D46: =IFNA(VLOOKUP(pts_traje!$D46,FIX!$A$2:$D1000,4,FALSE),"") | I46: =IF(pts_traje!$I46<>0,(ROUND(pts_traje!$I46+(pts_traje!$I46*0.02*pts_traje!$H46/1000),0)),"")
A47: =IFNA(right(VLOOKUP(pts_traje!$A47,trj!$B$2:$D1000,3,FALSE),4),"") | D47: =IFNA(VLOOKUP(pts_traje!$D47,FIX!$A$2:$D1000,4,FALSE),"") | I47: =IF(pts_traje!$I47<>0,(ROUND(pts_traje!$I47+(pts_traje!$I47*0.02*pts_traje!$H47/1000),0)),"")
A48: =IFNA(right(VLOOKUP(pts_traje!$A48,trj!$B$2:$D1000,3,FALSE),4),"") | D48: =IFNA(VLOOKUP(pts_traje!$D48,FIX!$A$2:$D1000,4,FALSE),"") | I48: =IF(pts_traje!$I48<>0,(ROUND(pts_traje!$I48+(pts_traje!$I48*0.02*pts_traje!$H48/1000),0)),"")
A49: =IFNA(right(VLOOKUP(pts_traje!$A49,trj!$B$2:$D1000,3,FALSE),4),"") | D49: =IFNA(VLOOKUP(pts_traje!$D49,FIX!$A$2:$D1000,4,FALSE),"") | I49: =IF(pts_traje!$I49<>0,(ROUND(pts_traje!$I49+(pts_traje!$I49*0.02*pts_traje!$H49/1000),0)),"")
A50: =IFNA(right(VLOOKUP(pts_traje!$A50,trj!$B$2:$D1000,3,FALSE),4),"") | D50: =IFNA(VLOOKUP(pts_traje!$D50,FIX!$A$2:$D1000,4,FALSE),"") | I50: =IF(pts_traje!$I50<>0,(ROUND(pts_traje!$I50+(pts_traje!$I50*0.02*pts_traje!$H50/1000),0)),"")
A51: =IFNA(right(VLOOKUP(pts_traje!$A51,trj!$B$2:$D1000,3,FALSE),4),"") | D51: =IFNA(VLOOKUP(pts_traje!$D51,FIX!$A$2:$D1000,4,FALSE),"") | I51: =IF(pts_traje!$I51<>0,(ROUND(pts_traje!$I51+(pts_traje!$I51*0.02*pts_traje!$H51/1000),0)),"")
A52: =IFNA(right(VLOOKUP(pts_traje!$A52,trj!$B$2:$D1000,3,FALSE),4),"") | D52: =IFNA(VLOOKUP(pts_traje!$D52,FIX!$A$2:$D1000,4,FALSE),"") | I52: =IF(pts_traje!$I52<>0,(ROUND(pts_traje!$I52+(pts_traje!$I52*0.02*pts_traje!$H52/1000),0)),"")
A53: =IFNA(right(VLOOKUP(pts_traje!$A53,trj!$B$2:$D1000,3,FALSE),4),"") | D53: =IFNA(VLOOKUP(pts_traje!$D53,FIX!$A$2:$D1000,4,FALSE),"") | I53: =IF(pts_traje!$I53<>0,(ROUND(pts_traje!$I53+(pts_traje!$I53*0.02*pts_traje!$H53/1000),0)),"")
A54: =IFNA(right(VLOOKUP(pts_traje!$A54,trj!$B$2:$D1000,3,FALSE),4),"") | D54: =IFNA(VLOOKUP(pts_traje!$D54,FIX!$A$2:$D1000,4,FALSE),"") | I54: =IF(pts_traje!$I54<>0,(ROUND(pts_traje!$I54+(pts_traje!$I54*0.02*pts_traje!$H54/1000),0)),"")
A55: =IFNA(right(VLOOKUP(pts_traje!$A55,trj!$B$2:$D1000,3,FALSE),4),"") | D55: =IFNA(VLOOKUP(pts_traje!$D55,FIX!$A$2:$D1000,4,FALSE),"") | I55: =IF(pts_traje!$I55<>0,(ROUND(pts_traje!$I55+(pts_traje!$I55*0.02*pts_traje!$H55/1000),0)),"")
A56: =IFNA(right(VLOOKUP(pts_traje!$A56,trj!$B$2:$D1000,3,FALSE),4),"") | D56: =IFNA(VLOOKUP(pts_traje!$D56,FIX!$A$2:$D1000,4,FALSE),"") | I56: =IF(pts_traje!$I56<>0,(ROUND(pts_traje!$I56+(pts_traje!$I56*0.02*pts_traje!$H56/1000),0)),"")
A57: =IFNA(right(VLOOKUP(pts_traje!$A57,trj!$B$2:$D1000,3,FALSE),4),"") | D57: =IFNA(VLOOKUP(pts_traje!$D57,FIX!$A$2:$D1000,4,FALSE),"") | I57: =IF(pts_traje!$I57<>0,(ROUND(pts_traje!$I57+(pts_traje!$I57*0.02*pts_traje!$H57/1000),0)),"")
A58: =IFNA(right(VLOOKUP(pts_traje!$A58,trj!$B$2:$D1000,3,FALSE),4),"") | D58: =IFNA(VLOOKUP(pts_traje!$D58,FIX!$A$2:$D1000,4,FALSE),"") | I58: =IF(pts_traje!$I58<>0,(ROUND(pts_traje!$I58+(pts_traje!$I58*0.02*pts_traje!$H58/1000),0)),"")
A59: =IFNA(right(VLOOKUP(pts_traje!$A59,trj!$B$2:$D1000,3,FALSE),4),"") | D59: =IFNA(VLOOKUP(pts_traje!$D59,FIX!$A$2:$D1000,4,FALSE),"") | I59: =IF(pts_traje!$I59<>0,(ROUND(pts_traje!$I59+(pts_traje!$I59*0.02*pts_traje!$H59/1000),0)),"")
A60: =IFNA(right(VLOOKUP(pts_traje!$A60,trj!$B$2:$D1000,3,FALSE),4),"") | D60: =IFNA(VLOOKUP(pts_traje!$D60,FIX!$A$2:$D1000,4,FALSE),"") | I60: =IF(pts_traje!$I60<>0,(ROUND(pts_traje!$I60+(pts_traje!$I60*0.02*pts_traje!$H60/1000),0)),"")
A61: =IFNA(right(VLOOKUP(pts_traje!$A61,trj!$B$2:$D1000,3,FALSE),4),"") | D61: =IFNA(VLOOKUP(pts_traje!$D61,FIX!$A$2:$D1000,4,FALSE),"") | I61: =IF(pts_traje!$I61<>0,(ROUND(pts_traje!$I61+(pts_traje!$I61*0.02*pts_traje!$H61/1000),0)),"")
A62: =IFNA(right(VLOOKUP(pts_traje!$A62,trj!$B$2:$D1000,3,FALSE),4),"") | D62: =IFNA(VLOOKUP(pts_traje!$D62,FIX!$A$2:$D1000,4,FALSE),"") | I62: =IF(pts_traje!$I62<>0,(ROUND(pts_traje!$I62+(pts_traje!$I62*0.02*pts_traje!$H62/1000),0)),"")
A63: =IFNA(right(VLOOKUP(pts_traje!$A63,trj!$B$2:$D1000,3,FALSE),4),"") | D63: =IFNA(VLOOKUP(pts_traje!$D63,FIX!$A$2:$D1000,4,FALSE),"") | I63: =IF(pts_traje!$I63<>0,(ROUND(pts_traje!$I63+(pts_traje!$I63*0.02*pts_traje!$H63/1000),0)),"")
A64: =IFNA(right(VLOOKUP(pts_traje!$A64,trj!$B$2:$D1000,3,FALSE),4),"") | D64: =IFNA(VLOOKUP(pts_traje!$D64,FIX!$A$2:$D1000,4,FALSE),"") | I64: =IF(pts_traje!$I64<>0,(ROUND(pts_traje!$I64+(pts_traje!$I64*0.02*pts_traje!$H64/1000),0)),"")
A65: =IFNA(right(VLOOKUP(pts_traje!$A65,trj!$B$2:$D1000,3,FALSE),4),"") | D65: =IFNA(VLOOKUP(pts_traje!$D65,FIX!$A$2:$D1000,4,FALSE),"") | I65: =IF(pts_traje!$I65<>0,(ROUND(pts_traje!$I65+(pts_traje!$I65*0.02*pts_traje!$H65/1000),0)),"")
A66: =IFNA(right(VLOOKUP(pts_traje!$A66,trj!$B$2:$D1000,3,FALSE),4),"") | D66: =IFNA(VLOOKUP(pts_traje!$D66,FIX!$A$2:$D1000,4,FALSE),"") | I66: =IF(pts_traje!$I66<>0,(ROUND(pts_traje!$I66+(pts_traje!$I66*0.02*pts_traje!$H66/1000),0)),"")
A67: =IFNA(right(VLOOKUP(pts_traje!$A67,trj!$B$2:$D1000,3,FALSE),4),"") | D67: =IFNA(VLOOKUP(pts_traje!$D67,FIX!$A$2:$D1000,4,FALSE),"") | I67: =IF(pts_traje!$I67<>0,(ROUND(pts_traje!$I67+(pts_traje!$I67*0.02*pts_traje!$H67/1000),0)),"")
A68: =IFNA(right(VLOOKUP(pts_traje!$A68,trj!$B$2:$D1000,3,FALSE),4),"") | D68: =IFNA(VLOOKUP(pts_traje!$D68,FIX!$A$2:$D1000,4,FALSE),"") | I68: =IF(pts_traje!$I68<>0,(ROUND(pts_traje!$I68+(pts_traje!$I68*0.02*pts_traje!$H68/1000),0)),"")
A69: =IFNA(right(VLOOKUP(pts_traje!$A69,trj!$B$2:$D1000,3,FALSE),4),"") | D69: =IFNA(VLOOKUP(pts_traje!$D69,FIX!$A$2:$D1000,4,FALSE),"") | I69: =IF(pts_traje!$I69<>0,(ROUND(pts_traje!$I69+(pts_traje!$I69*0.02*pts_traje!$H69/1000),0)),"")
A70: =IFNA(right(VLOOKUP(pts_traje!$A70,trj!$B$2:$D1000,3,FALSE),4),"") | D70: =IFNA(VLOOKUP(pts_traje!$D70,FIX!$A$2:$D1000,4,FALSE),"") | I70: =IF(pts_traje!$I70<>0,(ROUND(pts_traje!$I70+(pts_traje!$I70*0.02*pts_traje!$H70/1000),0)),"")
A71: =IFNA(right(VLOOKUP(pts_traje!$A71,trj!$B$2:$D1000,3,FALSE),4),"") | D71: =IFNA(VLOOKUP(pts_traje!$D71,FIX!$A$2:$D1000,4,FALSE),"") | I71: =IF(pts_traje!$I71<>0,(ROUND(pts_traje!$I71+(pts_traje!$I71*0.02*pts_traje!$H71/1000),0)),"")
A72: =IFNA(right(VLOOKUP(pts_traje!$A72,trj!$B$2:$D1000,3,FALSE),4),"") | D72: =IFNA(VLOOKUP(pts_traje!$D72,FIX!$A$2:$D1000,4,FALSE),"") | I72: =IF(pts_traje!$I72<>0,(ROUND(pts_traje!$I72+(pts_traje!$I72*0.02*pts_traje!$H72/1000),0)),"")
A73: =IFNA(right(VLOOKUP(pts_traje!$A73,trj!$B$2:$D1000,3,FALSE),4),"") | D73: =IFNA(VLOOKUP(pts_traje!$D73,FIX!$A$2:$D1000,4,FALSE),"") | I73: =IF(pts_traje!$I73<>0,(ROUND(pts_traje!$I73+(pts_traje!$I73*0.02*pts_traje!$H73/1000),0)),"")
A74: =IFNA(right(VLOOKUP(pts_traje!$A74,trj!$B$2:$D1000,3,FALSE),4),"") | D74: =IFNA(VLOOKUP(pts_traje!$D74,FIX!$A$2:$D1000,4,FALSE),"") | I74: =IF(pts_traje!$I74<>0,(ROUND(pts_traje!$I74+(pts_traje!$I74*0.02*pts_traje!$H74/1000),0)),"")
A75: =IFNA(right(VLOOKUP(pts_traje!$A75,trj!$B$2:$D1000,3,FALSE),4),"") | D75: =IFNA(VLOOKUP(pts_traje!$D75,FIX!$A$2:$D1000,4,FALSE),"") | I75: =IF(pts_traje!$I75<>0,(ROUND(pts_traje!$I75+(pts_traje!$I75*0.02*pts_traje!$H75/1000),0)),"")
A76: =IFNA(right(VLOOKUP(pts_traje!$A76,trj!$B$2:$D1000,3,FALSE),4),"") | D76: =IFNA(VLOOKUP(pts_traje!$D76,FIX!$A$2:$D1000,4,FALSE),"") | I76: =IF(pts_traje!$I76<>0,(ROUND(pts_traje!$I76+(pts_traje!$I76*0.02*pts_traje!$H76/1000),0)),"")
A77: =IFNA(right(VLOOKUP(pts_traje!$A77,trj!$B$2:$D1000,3,FALSE),4),"") | D77: =IFNA(VLOOKUP(pts_traje!$D77,FIX!$A$2:$D1000,4,FALSE),"") | I77: =IF(pts_traje!$I77<>0,(ROUND(pts_traje!$I77+(pts_traje!$I77*0.02*pts_traje!$H77/1000),0)),"")
A78: =IFNA(right(VLOOKUP(pts_traje!$A78,trj!$B$2:$D1000,3,FALSE),4),"") | D78: =IFNA(VLOOKUP(pts_traje!$D78,FIX!$A$2:$D1000,4,FALSE),"") | I78: =IF(pts_traje!$I78<>0,(ROUND(pts_traje!$I78+(pts_traje!$I78*0.02*pts_traje!$H78/1000),0)),"")
A79: =IFNA(right(VLOOKUP(pts_traje!$A79,trj!$B$2:$D1000,3,FALSE),4),"") | D79: =IFNA(VLOOKUP(pts_traje!$D79,FIX!$A$2:$D1000,4,FALSE),"") | I79: =IF(pts_traje!$I79<>0,(ROUND(pts_traje!$I79+(pts_traje!$I79*0.02*pts_traje!$H79/1000),0)),"")
A80: =IFNA(right(VLOOKUP(pts_traje!$A80,trj!$B$2:$D1000,3,FALSE),4),"") | D80: =IFNA(VLOOKUP(pts_traje!$D80,FIX!$A$2:$D1000,4,FALSE),"") | I80: =IF(pts_traje!$I80<>0,(ROUND(pts_traje!$I80+(pts_traje!$I80*0.02*pts_traje!$H80/1000),0)),"")
A81: =IFNA(right(VLOOKUP(pts_traje!$A81,trj!$B$2:$D1000,3,FALSE),4),"") | D81: =IFNA(VLOOKUP(pts_traje!$D81,FIX!$A$2:$D1000,4,FALSE),"") | I81: =IF(pts_traje!$I81<>0,(ROUND(pts_traje!$I81+(pts_traje!$I81*0.02*pts_traje!$H81/1000),0)),"")
A82: =IFNA(right(VLOOKUP(pts_traje!$A82,trj!$B$2:$D1000,3,FALSE),4),"") | D82: =IFNA(VLOOKUP(pts_traje!$D82,FIX!$A$2:$D1000,4,FALSE),"") | I82: =IF(pts_traje!$I82<>0,(ROUND(pts_traje!$I82+(pts_traje!$I82*0.02*pts_traje!$H82/1000),0)),"")
A83: =IFNA(right(VLOOKUP(pts_traje!$A83,trj!$B$2:$D1000,3,FALSE),4),"") | D83: =IFNA(VLOOKUP(pts_traje!$D83,FIX!$A$2:$D1000,4,FALSE),"") | I83: =IF(pts_traje!$I83<>0,(ROUND(pts_traje!$I83+(pts_traje!$I83*0.02*pts_traje!$H83/1000),0)),"")
A84: =IFNA(right(VLOOKUP(pts_traje!$A84,trj!$B$2:$D1000,3,FALSE),4),"") | D84: =IFNA(VLOOKUP(pts_traje!$D84,FIX!$A$2:$D1000,4,FALSE),"") | I84: =IF(pts_traje!$I84<>0,(ROUND(pts_traje!$I84+(pts_traje!$I84*0.02*pts_traje!$H84/1000),0)),"")
A85: =IFNA(right(VLOOKUP(pts_traje!$A85,trj!$B$2:$D1000,3,FALSE),4),"") | D85: =IFNA(VLOOKUP(pts_traje!$D85,FIX!$A$2:$D1000,4,FALSE),"") | I85: =IF(pts_traje!$I85<>0,(ROUND(pts_traje!$I85+(pts_traje!$I85*0.02*pts_traje!$H85/1000),0)),"")
A86: =IFNA(right(VLOOKUP(pts_traje!$A86,trj!$B$2:$D1000,3,FALSE),4),"") | D86: =IFNA(VLOOKUP(pts_traje!$D86,FIX!$A$2:$D1000,4,FALSE),"") | I86: =IF(pts_traje!$I86<>0,(ROUND(pts_traje!$I86+(pts_traje!$I86*0.02*pts_traje!$H86/1000),0)),"")
A87: =IFNA(right(VLOOKUP(pts_traje!$A87,trj!$B$2:$D1000,3,FALSE),4),"") | D87: =IFNA(VLOOKUP(pts_traje!$D87,FIX!$A$2:$D1000,4,FALSE),"") | I87: =IF(pts_traje!$I87<>0,(ROUND(pts_traje!$I87+(pts_traje!$I87*0.02*pts_traje!$H87/1000),0)),"")
A88: =IFNA(right(VLOOKUP(pts_traje!$A88,trj!$B$2:$D1000,3,FALSE),4),"") | D88: =IFNA(VLOOKUP(pts_traje!$D88,FIX!$A$2:$D1000,4,FALSE),"") | I88: =IF(pts_traje!$I88<>0,(ROUND(pts_traje!$I88+(pts_traje!$I88*0.02*pts_traje!$H88/1000),0)),"")
A89: =IFNA(right(VLOOKUP(pts_traje!$A89,trj!$B$2:$D1000,3,FALSE),4),"") | D89: =IFNA(VLOOKUP(pts_traje!$D89,FIX!$A$2:$D1000,4,FALSE),"") | I89: =IF(pts_traje!$I89<>0,(ROUND(pts_traje!$I89+(pts_traje!$I89*0.02*pts_traje!$H89/1000),0)),"")
A90: =IFNA(right(VLOOKUP(pts_traje!$A90,trj!$B$2:$D1000,3,FALSE),4),"") | D90: =IFNA(VLOOKUP(pts_traje!$D90,FIX!$A$2:$D1000,4,FALSE),"") | I90: =IF(pts_traje!$I90<>0,(ROUND(pts_traje!$I90+(pts_traje!$I90*0.02*pts_traje!$H90/1000),0)),"")
A91: =IFNA(right(VLOOKUP(pts_traje!$A91,trj!$B$2:$D1000,3,FALSE),4),"") | D91: =IFNA(VLOOKUP(pts_traje!$D91,FIX!$A$2:$D1000,4,FALSE),"") | I91: =IF(pts_traje!$I91<>0,(ROUND(pts_traje!$I91+(pts_traje!$I91*0.02*pts_traje!$H91/1000),0)),"")
A92: =IFNA(right(VLOOKUP(pts_traje!$A92,trj!$B$2:$D1000,3,FALSE),4),"") | D92: =IFNA(VLOOKUP(pts_traje!$D92,FIX!$A$2:$D1000,4,FALSE),"") | I92: =IF(pts_traje!$I92<>0,(ROUND(pts_traje!$I92+(pts_traje!$I92*0.02*pts_traje!$H92/1000),0)),"")
A93: =IFNA(right(VLOOKUP(pts_traje!$A93,trj!$B$2:$D1000,3,FALSE),4),"") | D93: =IFNA(VLOOKUP(pts_traje!$D93,FIX!$A$2:$D1000,4,FALSE),"") | I93: =IF(pts_traje!$I93<>0,(ROUND(pts_traje!$I93+(pts_traje!$I93*0.02*pts_traje!$H93/1000),0)),"")
A94: =IFNA(right(VLOOKUP(pts_traje!$A94,trj!$B$2:$D1000,3,FALSE),4),"") | D94: =IFNA(VLOOKUP(pts_traje!$D94,FIX!$A$2:$D1000,4,FALSE),"") | I94: =IF(pts_traje!$I94<>0,(ROUND(pts_traje!$I94+(pts_traje!$I94*0.02*pts_traje!$H94/1000),0)),"")
A95: =IFNA(right(VLOOKUP(pts_traje!$A95,trj!$B$2:$D1000,3,FALSE),4),"") | D95: =IFNA(VLOOKUP(pts_traje!$D95,FIX!$A$2:$D1000,4,FALSE),"") | I95: =IF(pts_traje!$I95<>0,(ROUND(pts_traje!$I95+(pts_traje!$I95*0.02*pts_traje!$H95/1000),0)),"")
A96: =IFNA(right(VLOOKUP(pts_traje!$A96,trj!$B$2:$D1000,3,FALSE),4),"") | D96: =IFNA(VLOOKUP(pts_traje!$D96,FIX!$A$2:$D1000,4,FALSE),"") | I96: =IF(pts_traje!$I96<>0,(ROUND(pts_traje!$I96+(pts_traje!$I96*0.02*pts_traje!$H96/1000),0)),"")
A97: =IFNA(right(VLOOKUP(pts_traje!$A97,trj!$B$2:$D1000,3,FALSE),4),"") | D97: =IFNA(VLOOKUP(pts_traje!$D97,FIX!$A$2:$D1000,4,FALSE),"") | I97: =IF(pts_traje!$I97<>0,(ROUND(pts_traje!$I97+(pts_traje!$I97*0.02*pts_traje!$H97/1000),0)),"")
A98: =IFNA(right(VLOOKUP(pts_traje!$A98,trj!$B$2:$D1000,3,FALSE),4),"") | D98: =IFNA(VLOOKUP(pts_traje!$D98,FIX!$A$2:$D1000,4,FALSE),"") | I98: =IF(pts_traje!$I98<>0,(ROUND(pts_traje!$I98+(pts_traje!$I98*0.02*pts_traje!$H98/1000),0)),"")
A99: =IFNA(right(VLOOKUP(pts_traje!$A99,trj!$B$2:$D1000,3,FALSE),4),"") | D99: =IFNA(VLOOKUP(pts_traje!$D99,FIX!$A$2:$D1000,4,FALSE),"") | I99: =IF(pts_traje!$I99<>0,(ROUND(pts_traje!$I99+(pts_traje!$I99*0.02*pts_traje!$H99/1000),0)),"")
A100: =IFNA(right(VLOOKUP(pts_traje!$A100,trj!$B$2:$D1000,3,FALSE),4),"") | D100: =IFNA(VLOOKUP(pts_traje!$D100,FIX!$A$2:$D1000,4,FALSE),"") | I100: =IF(pts_traje!$I100<>0,(ROUND(pts_traje!$I100+(pts_traje!$I100*0.02*pts_traje!$H100/1000),0)),"")
...

Sheet sub
A1: NUMERO | B1: NOME | C1: AERODROMO | D1: PISTA | E1: PIPITCHU
A2: 1 | B2: SID RWY 16 MIMIP | C2: SBCF | D2: 16 | E2: =IF($A2<>"",CONCATENATE("SUB",TEXT($A2,"000"),"")) -> SUB001
E3: =IFNA($A3,"")
E4: =IFNA($A4,"")
E5: =IFNA($A5,"")
E6: =IFNA($A6,"")
E7: =IFNA($A7,"")
E8: =IFNA($A8,"")
E9: =IFNA($A9,"")
E10: =IFNA($A10,"")
E11: =IFNA($A11,"")
E12: =IFNA($A12,"")
E13: =IFNA($A13,"")
E14: =IFNA($A14,"")
... E1000: =IFNA($A1000,"")

Sheet pts_sub
A1: SUB | B1: NRO PONTO | C1: TIPO COORD(F/D) | D1: FIXO | E1: DIST(SE POLAR) | F1: RADIAL/GRAUS(SE POLAR) | G1: CAMPO D | H1: ALTITUDE | I1: GRAD SUB | J1: VELOCIDADE(IAS) | K1: PROCEDIMENTO QUE LIGA
A2: SID RWY 16 MIMIP | B2: 1 | C2: D | D2: THR16 | E2: 3 | F2: 160 | H2: 3500 | I2: 8 | J2: 250
A3: SID RWY 16 MIMIP | B3: 2 | C3: F | D3: CF001 | H3: 6000 | I3: 8 | J3: 250
A4: SID RWY 16 MIMIP | B4: 3 | C4: F | D4: CF002 | H4: 8000 | I4: 8 | J4: 300
A5: SID RWY 16 MIMIP | B5: 4 | C5: F | D5: 5LN02 | H5: 9000 | I5: 8 | J5: 300
A6: SID RWY 16 MIMIP | B6: 5 | C6: F | D6: 5LN03 | H6: 12000 | I6: 8 | J6: 300
A7: SID RWY 16 MIMIP | B7: 6 | C7: F | D7: CF076 | H7: 14000 | I7: 8 | J7: 300
A8: SID RWY 16 MIMIP | B8: 7 | C8: F | D8: CF077 | H8: 40000 | I8: 8 | J8: 300
A9: SID RWY 16 MIMIP | B9: 8 | C9: F | D9: MIMIP | H9: 40000 | I9: 8 | J9: 300

Sheet pts_sub-SCRIPT
A1: SUB | B1: NRO PONTO | C1: TIPO COORD(F/D) | D1: FIXO | E1: DIST(SE POLAR) | F1: RADIAL/GRAUS(SE POLAR) | G1: CAMPO D | H1: ALTITUDE | I1: GRAD SUB | J1: VELOCIDADE(IAS) | K1: PROCEDIMENTO QUE LIGA
A2: =IFNA(VLOOKUP(pts_sub!$A2,sub!$B$2:$E1000,4,FALSE),"") -> SUB001 | B2: {=pts_sub!B2:C1000} -> 1 | C2: D | D2: =IFNA(VLOOKUP(pts_sub!$D2,FIX!$A$2:$D1000,4, FALSE),"") -> 222 | E2: {=pts_sub!E2:K1000} -> 3 | F2: 160 | H2: 3500 | I2: 8 | J2: 250
A3: =IFNA(VLOOKUP(pts_sub!$A3,sub!$B$2:$E1000,4,FALSE),"") -> SUB001 | B3: 2 | C3: F | D3: =IFNA(VLOOKUP(pts_sub!$D3,FIX!$A$2:$D1000,4, FALSE),"") -> 101 | H3: 6000 | I3: 8 | J3: 250
A4: =IFNA(VLOOKUP(pts_sub!$A4,sub!$B$2:$E1000,4,FALSE),"") -> SUB001 | B4: 3 | C4: F | D4: =IFNA(VLOOKUP(pts_sub!$D4,FIX!$A$2:$D1000,4, FALSE),"") -> 102 | H4: 8000 | I4: 8 | J4: 300
A5: =IFNA(VLOOKUP(pts_sub!$A5,sub!$B$2:$E1000,4,FALSE),"") -> SUB001 | B5: 4 | C5: F | D5: =IFNA(VLOOKUP(pts_sub!$D5,FIX!$A$2:$D1000,4, FALSE),"") -> 2 | H5: 9000 | I5: 8 | J5: 300
A6: =IFNA(VLOOKUP(pts_sub!$A6,sub!$B$2:$E1000,4,FALSE),"") -> SUB001 | B6: 5 | C6: F | D6: =IFNA(VLOOKUP(pts_sub!$D6,FIX!$A$2:$D1000,4, FALSE),"") -> 3 | H6: 12000 | I6: 8 | J6: 300
A7: =IFNA(VLOOKUP(pts_sub!$A7,sub!$B$2:$E1000,4,FALSE),"") -> SUB001 | B7: 6 | C7: F | D7: =IFNA(VLOOKUP(pts_sub!$D7,FIX!$A$2:$D1000,4, FALSE),"") -> 108 | H7: 14000 | I7: 8 | J7: 300
A8: =IFNA(VLOOKUP(pts_sub!$A8,sub!$B$2:$E1000,4,FALSE),"") -> SUB001 | B8: 7 | C8: F | D8: =IFNA(VLOOKUP(pts_sub!$D8,FIX!$A$2:$D1000,4, FALSE),"") -> 109 | H8: 40000 | I8: 8 | J8: 300
A9: =IFNA(VLOOKUP(pts_sub!$A9,sub!$B$2:$E1000,4,FALSE),"") -> SUB001 | B9: 8 | C9: F | D9: =IFNA(VLOOKUP(pts_sub!$D9,FIX!$A$2:$D1000,4, FALSE),"") -> 182 | H9: 40000 | I9: 8 | J9: 300
A10: =IFNA(VLOOKUP(pts_sub!$A10,sub!$B$2:$E1000,4,FALSE),"") | D10: =IFNA(VLOOKUP(pts_sub!$D10,FIX!$A$2:$D1000,4, FALSE),"")
A11: =IFNA(VLOOKUP(pts_sub!$A11,sub!$B$2:$E1000,4,FALSE),"") | D11: =IFNA(VLOOKUP(pts_sub!$D11,FIX!$A$2:$D1000,4, FALSE),"")
A12: =IFNA(VLOOKUP(pts_sub!$A12,sub!$B$2:$E1000,4,FALSE),"") | D12: =IFNA(VLOOKUP(pts_sub!$D12,FIX!$A$2:$D1000,4, FALSE),"")
A13: =IFNA(VLOOKUP(pts_sub!$A13,sub!$B$2:$E1000,4,FALSE),"") | D13: =IFNA(VLOOKUP(pts_sub!$D13,FIX!$A$2:$D1000,4, FALSE),"")
A14: =IFNA(VLOOKUP(pts_sub!$A14,sub!$B$2:$E1000,4,FALSE),"") | D14: =IFNA(VLOOKUP(pts_sub!$D14,FIX!$A$2:$D1000,4, FALSE),"")
A15: =IFNA(VLOOKUP(pts_sub!$A15,sub!$B$2:$E1000,4,FALSE),"") | D15: =IFNA(VLOOKUP(pts_sub!$D15,FIX!$A$2:$D1000,4, FALSE),"")
A16: =IFNA(VLOOKUP(pts_sub!$A16,sub!$B$2:$E1000,4,FALSE),"") | D16: =IFNA(VLOOKUP(pts_sub!$D16,FIX!$A$2:$D1000,4, FALSE),"")
A17: =IFNA(VLOOKUP(pts_sub!$A17,sub!$B$2:$E1000,4,FALSE),"") | D17: =IFNA(VLOOKUP(pts_sub!$D17,FIX!$A$2:$D1000,4, FALSE),"")
A18: =IFNA(VLOOKUP(pts_sub!$A18,sub!$B$2:$E1000,4,FALSE),"") | D18: =IFNA(VLOOKUP(pts_sub!$D18,FIX!$A$2:$D1000,4, FALSE),"")
A19: =IFNA(VLOOKUP(pts_sub!$A19,sub!$B$2:$E1000,4,FALSE),"") | D19: =IFNA(VLOOKUP(pts_sub!$D19,FIX!$A$2:$D1000,4, FALSE),"")
A20: =IFNA(VLOOKUP(pts_sub!$A20,sub!$B$2:$E1000,4,FALSE),"") | D20: =IFNA(VLOOKUP(pts_sub!$D20,FIX!$A$2:$D1000,4, FALSE),"")
A21: =IFNA(VLOOKUP(pts_sub!$A21,sub!$B$2:$E1000,4,FALSE),"") | D21: =IFNA(VLOOKUP(pts_sub!$D21,FIX!$A$2:$D1000,4, FALSE),"")
A22: =IFNA(VLOOKUP(pts_sub!$A22,sub!$B$2:$E1000,4,FALSE),"") | D22: =IFNA(VLOOKUP(pts_sub!$D22,FIX!$A$2:$D1000,4, FALSE),"")
A23: =IFNA(VLOOKUP(pts_sub!$A23,sub!$B$2:$E1000,4,FALSE),"") | D23: =IFNA(VLOOKUP(pts_sub!$D23,FIX!$A$2:$D1000,4, FALSE),"")
A24: =IFNA(VLOOKUP(pts_sub!$A24,sub!$B$2:$E1000,4,FALSE),"") | D24: =IFNA(VLOOKUP(pts_sub!$D24,FIX!$A$2:$D1000,4, FALSE),"")
A25: =IFNA(VLOOKUP(pts_sub!$A25,sub!$B$2:$E1000,4,FALSE),"") | D25: =IFNA(VLOOKUP(pts_sub!$D25,FIX!$A$2:$D1000,4, FALSE),"")
A26: =IFNA(VLOOKUP(pts_sub!$A26,sub!$B$2:$E1000,4,FALSE),"") | D26: =IFNA(VLOOKUP(pts_sub!$D26,FIX!$A$2:$D1000,4, FALSE),"")
A27: =IFNA(VLOOKUP(pts_sub!$A27,sub!$B$2:$E1000,4,FALSE),"") | D27: =IFNA(VLOOKUP(pts_sub!$D27,FIX!$A$2:$D1000,4, FALSE),"")
A28: =IFNA(VLOOKUP(pts_sub!$A28,sub!$B$2:$E1000,4,FALSE),"") | D28: =IFNA(VLOOKUP(pts_sub!$D28,FIX!$A$2:$D1000,4, FALSE),"")
A29: =IFNA(VLOOKUP(pts_sub!$A29,sub!$B$2:$E1000,4,FALSE),"") | D29: =IFNA(VLOOKUP(pts_sub!$D29,FIX!$A$2:$D1000,4, FALSE),"")
A30: =IFNA(VLOOKUP(pts_sub!$A30,sub!$B$2:$E1000,4,FALSE),"") | D30: =IFNA(VLOOKUP(pts_sub!$D30,FIX!$A$2:$D1000,4, FALSE),"")
A31: =IFNA(VLOOKUP(pts_sub!$A31,sub!$B$2:$E1000,4,FALSE),"") | D31: =IFNA(VLOOKUP(pts_sub!$D31,FIX!$A$2:$D1000,4, FALSE),"")
A32: =IFNA(VLOOKUP(pts_sub!$A32,sub!$B$2:$E1000,4,FALSE),"") | D32: =IFNA(VLOOKUP(pts_sub!$D32,FIX!$A$2:$D1000,4, FALSE),"")
A33: =IFNA(VLOOKUP(pts_sub!$A33,sub!$B$2:$E1000,4,FALSE),"") | D33: =IFNA(VLOOKUP(pts_sub!$D33,FIX!$A$2:$D1000,4, FALSE),"")
A34: =IFNA(VLOOKUP(pts_sub!$A34,sub!$B$2:$E1000,4,FALSE),"") | D34: =IFNA(VLOOKUP(pts_sub!$D34,FIX!$A$2:$D1000,4, FALSE),"")
A35: =IFNA(VLOOKUP(pts_sub!$A35,sub!$B$2:$E1000,4,FALSE),"") | D35: =IFNA(VLOOKUP(pts_sub!$D35,FIX!$A$2:$D1000,4, FALSE),"")
A36: =IFNA(VLOOKUP(pts_sub!$A36,sub!$B$2:$E1000,4,FALSE),"") | D36: =IFNA(VLOOKUP(pts_sub!$D36,FIX!$A$2:$D1000,4, FALSE),"")
A37: =IFNA(VLOOKUP(pts_sub!$A37,sub!$B$2:$E1000,4,FALSE),"") | D37: =IFNA(VLOOKUP(pts_sub!$D37,FIX!$A$2:$D1000,4, FALSE),"")
A38: =IFNA(VLOOKUP(pts_sub!$A38,sub!$B$2:$E1000,4,FALSE),"") | D38: =IFNA(VLOOKUP(pts_sub!$D38,FIX!$A$2:$D1000,4, FALSE),"")
A39: =IFNA(VLOOKUP(pts_sub!$A39,sub!$B$2:$E1000,4,FALSE),"") | D39: =IFNA(VLOOKUP(pts_sub!$D39,FIX!$A$2:$D1000,4, FALSE),"")
A40: =IFNA(VLOOKUP(pts_sub!$A40,sub!$B$2:$E1000,4,FALSE),"") | D40: =IFNA(VLOOKUP(pts_sub!$D40,FIX!$A$2:$D1000,4, FALSE),"")
A41: =IFNA(VLOOKUP(pts_sub!$A41,sub!$B$2:$E1000,4,FALSE),"") | D41: =IFNA(VLOOKUP(pts_sub!$D41,FIX!$A$2:$D1000,4, FALSE),"")
A42: =IFNA(VLOOKUP(pts_sub!$A42,sub!$B$2:$E1000,4,FALSE),"") | D42: =IFNA(VLOOKUP(pts_sub!$D42,FIX!$A$2:$D1000,4, FALSE),"")
A43: =IFNA(VLOOKUP(pts_sub!$A43,sub!$B$2:$E1000,4,FALSE),"") | D43: =IFNA(VLOOKUP(pts_sub!$D43,FIX!$A$2:$D1000,4, FALSE),"")
A44: =IFNA(VLOOKUP(pts_sub!$A44,sub!$B$2:$E1000,4,FALSE),"") | D44: =IFNA(VLOOKUP(pts_sub!$D44,FIX!$A$2:$D1000,4, FALSE),"")
A45: =IFNA(VLOOKUP(pts_sub!$A45,sub!$B$2:$E1000,4,FALSE),"") | D45: =IFNA(VLOOKUP(pts_sub!$D45,FIX!$A$2:$D1000,4, FALSE),"")
A46: =IFNA(VLOOKUP(pts_sub!$A46,sub!$B$2:$E1000,4,FALSE),"") | D46: =IFNA(VLOOKUP(pts_sub!$D46,FIX!$A$2:$D1000,4, FALSE),"")
A47: =IFNA(VLOOKUP(pts_sub!$A47,sub!$B$2:$E1000,4,FALSE),"") | D47: =IFNA(VLOOKUP(pts_sub!$D47,FIX!$A$2:$D1000,4, FALSE),"")
A48: =IFNA(VLOOKUP(pts_sub!$A48,sub!$B$2:$E1000,4,FALSE),"") | D48: =IFNA(VLOOKUP(pts_sub!$D48,FIX!$A$2:$D1000,4, FALSE),"")
A49: =IFNA(VLOOKUP(pts_sub!$A49,sub!$B$2:$E1000,4,FALSE),"") | D49: =IFNA(VLOOKUP(pts_sub!$D49,FIX!$A$2:$D1000,4, FALSE),"")
A50: =IFNA(VLOOKUP(pts_sub!$A50,sub!$B$2:$E1000,4,FALSE),"") | D50: =IFNA(VLOOKUP(pts_sub!$D50,FIX!$A$2:$D1000,4, FALSE),"")
A51: =IFNA(VLOOKUP(pts_sub!$A51,sub!$B$2:$E1000,4,FALSE),"") | D51: =IFNA(VLOOKUP(pts_sub!$D51,FIX!$A$2:$D1000,4, FALSE),"")
A52: =IFNA(VLOOKUP(pts_sub!$A52,sub!$B$2:$E1000,4,FALSE),"") | D52: =IFNA(VLOOKUP(pts_sub!$D52,FIX!$A$2:$D1000,4, FALSE),"")
A53: =IFNA(VLOOKUP(pts_sub!$A53,sub!$B$2:$E1000,4,FALSE),"") | D53: =IFNA(VLOOKUP(pts_sub!$D53,FIX!$A$2:$D1000,4, FALSE),"")
A54: =IFNA(VLOOKUP(pts_sub!$A54,sub!$B$2:$E1000,4,FALSE),"") | D54: =IFNA(VLOOKUP(pts_sub!$D54,FIX!$A$2:$D1000,4, FALSE),"")
A55: =IFNA(VLOOKUP(pts_sub!$A55,sub!$B$2:$E1000,4,FALSE),"") | D55: =IFNA(VLOOKUP(pts_sub!$D55,FIX!$A$2:$D1000,4, FALSE),"")
A56: =IFNA(VLOOKUP(pts_sub!$A56,sub!$B$2:$E1000,4,FALSE),"") | D56: =IFNA(VLOOKUP(pts_sub!$D56,FIX!$A$2:$D1000,4, FALSE),"")
A57: =IFNA(VLOOKUP(pts_sub!$A57,sub!$B$2:$E1000,4,FALSE),"") | D57: =IFNA(VLOOKUP(pts_sub!$D57,FIX!$A$2:$D1000,4, FALSE),"")
A58: =IFNA(VLOOKUP(pts_sub!$A58,sub!$B$2:$E1000,4,FALSE),"") | D58: =IFNA(VLOOKUP(pts_sub!$D58,FIX!$A$2:$D1000,4, FALSE),"")
A59: =IFNA(VLOOKUP(pts_sub!$A59,sub!$B$2:$E1000,4,FALSE),"") | D59: =IFNA(VLOOKUP(pts_sub!$D59,FIX!$A$2:$D1000,4, FALSE),"")
A60: =IFNA(VLOOKUP(pts_sub!$A60,sub!$B$2:$E1000,4,FALSE),"") | D60: =IFNA(VLOOKUP(pts_sub!$D60,FIX!$A$2:$D1000,4, FALSE),"")
A61: =IFNA(VLOOKUP(pts_sub!$A61,sub!$B$2:$E1000,4,FALSE),"") | D61: =IFNA(VLOOKUP(pts_sub!$D61,FIX!$A$2:$D1000,4, FALSE),"")
A62: =IFNA(VLOOKUP(pts_sub!$A62,sub!$B$2:$E1000,4,FALSE),"") | D62: =IFNA(VLOOKUP(pts_sub!$D62,FIX!$A$2:$D1000,4, FALSE),"")
A63: =IFNA(VLOOKUP(pts_sub!$A63,sub!$B$2:$E1000,4,FALSE),"") | D63: =IFNA(VLOOKUP(pts_sub!$D63,FIX!$A$2:$D1000,4, FALSE),"")
A64: =IFNA(VLOOKUP(pts_sub!$A64,sub!$B$2:$E1000,4,FALSE),"") | D64: =IFNA(VLOOKUP(pts_sub!$D64,FIX!$A$2:$D1000,4, FALSE),"")
A65: =IFNA(VLOOKUP(pts_sub!$A65,sub!$B$2:$E1000,4,FALSE),"") | D65: =IFNA(VLOOKUP(pts_sub!$D65,FIX!$A$2:$D1000,4, FALSE),"")
A66: =IFNA(VLOOKUP(pts_sub!$A66,sub!$B$2:$E1000,4,FALSE),"") | D66: =IFNA(VLOOKUP(pts_sub!$D66,FIX!$A$2:$D1000,4, FALSE),"")
A67: =IFNA(VLOOKUP(pts_sub!$A67,sub!$B$2:$E1000,4,FALSE),"") | D67: =IFNA(VLOOKUP(pts_sub!$D67,FIX!$A$2:$D1000,4, FALSE),"")
A68: =IFNA(VLOOKUP(pts_sub!$A68,sub!$B$2:$E1000,4,FALSE),"") | D68: =IFNA(VLOOKUP(pts_sub!$D68,FIX!$A$2:$D1000,4, FALSE),"")
A69: =IFNA(VLOOKUP(pts_sub!$A69,sub!$B$2:$E1000,4,FALSE),"") | D69: =IFNA(VLOOKUP(pts_sub!$D69,FIX!$A$2:$D1000,4, FALSE),"")
A70: =IFNA(VLOOKUP(pts_sub!$A70,sub!$B$2:$E1000,4,FALSE),"") | D70: =IFNA(VLOOKUP(pts_sub!$D70,FIX!$A$2:$D1000,4, FALSE),"")
A71: =IFNA(VLOOKUP(pts_sub!$A71,sub!$B$2:$E1000,4,FALSE),"") | D71: =IFNA(VLOOKUP(pts_sub!$D71,FIX!$A$2:$D1000,4, FALSE),"")
A72: =IFNA(VLOOKUP(pts_sub!$A72,sub!$B$2:$E1000,4,FALSE),"") | D72: =IFNA(VLOOKUP(pts_sub!$D72,FIX!$A$2:$D1000,4, FALSE),"")
A73: =IFNA(VLOOKUP(pts_sub!$A73,sub!$B$2:$E1000,4,FALSE),"") | D73: =IFNA(VLOOKUP(pts_sub!$D73,FIX!$A$2:$D1000,4, FALSE),"")
A74: =IFNA(VLOOKUP(pts_sub!$A74,sub!$B$2:$E1000,4,FALSE),"") | D74: =IFNA(VLOOKUP(pts_sub!$D74,FIX!$A$2:$D1000,4, FALSE),"")
A75: =IFNA(VLOOKUP(pts_sub!$A75,sub!$B$2:$E1000,4,FALSE),"") | D75: =IFNA(VLOOKUP(pts_sub!$D75,FIX!$A$2:$D1000,4, FALSE),"")
A76: =IFNA(VLOOKUP(pts_sub!$A76,sub!$B$2:$E1000,4,FALSE),"") | D76: =IFNA(VLOOKUP(pts_sub!$D76,FIX!$A$2:$D1000,4, FALSE),"")
A77: =IFNA(VLOOKUP(pts_sub!$A77,sub!$B$2:$E1000,4,FALSE),"") | D77: =IFNA(VLOOKUP(pts_sub!$D77,FIX!$A$2:$D1000,4, FALSE),"")
A78: =IFNA(VLOOKUP(pts_sub!$A78,sub!$B$2:$E1000,4,FALSE),"") | D78: =IFNA(VLOOKUP(pts_sub!$D78,FIX!$A$2:$D1000,4, FALSE),"")
A79: =IFNA(VLOOKUP(pts_sub!$A79,sub!$B$2:$E1000,4,FALSE),"") | D79: =IFNA(VLOOKUP(pts_sub!$D79,FIX!$A$2:$D1000,4, FALSE),"")
A80: =IFNA(VLOOKUP(pts_sub!$A80,sub!$B$2:$E1000,4,FALSE),"") | D80: =IFNA(VLOOKUP(pts_sub!$D80,FIX!$A$2:$D1000,4, FALSE),"")
A81: =IFNA(VLOOKUP(pts_sub!$A81,sub!$B$2:$E1000,4,FALSE),"") | D81: =IFNA(VLOOKUP(pts_sub!$D81,FIX!$A$2:$D1000,4, FALSE),"")
A82: =IFNA(VLOOKUP(pts_sub!$A82,sub!$B$2:$E1000,4,FALSE),"") | D82: =IFNA(VLOOKUP(pts_sub!$D82,FIX!$A$2:$D1000,4, FALSE),"")
A83: =IFNA(VLOOKUP(pts_sub!$A83,sub!$B$2:$E1000,4,FALSE),"") | D83: =IFNA(VLOOKUP(pts_sub!$D83,FIX!$A$2:$D1000,4, FALSE),"")
A84: =IFNA(VLOOKUP(pts_sub!$A84,sub!$B$2:$E1000,4,FALSE),"") | D84: =IFNA(VLOOKUP(pts_sub!$D84,FIX!$A$2:$D1000,4, FALSE),"")
A85: =IFNA(VLOOKUP(pts_sub!$A85,sub!$B$2:$E1000,4,FALSE),"") | D85: =IFNA(VLOOKUP(pts_sub!$D85,FIX!$A$2:$D1000,4, FALSE),"")
A86: =IFNA(VLOOKUP(pts_sub!$A86,sub!$B$2:$E1000,4,FALSE),"") | D86: =IFNA(VLOOKUP(pts_sub!$D86,FIX!$A$2:$D1000,4, FALSE),"")
A87: =IFNA(VLOOKUP(pts_sub!$A87,sub!$B$2:$E1000,4,FALSE),"") | D87: =IFNA(VLOOKUP(pts_sub!$D87,FIX!$A$2:$D1000,4, FALSE),"")
A88: =IFNA(VLOOKUP(pts_sub!$A88,sub!$B$2:$E1000,4,FALSE),"") | D88: =IFNA(VLOOKUP(pts_sub!$D88,FIX!$A$2:$D1000,4, FALSE),"")
A89: =IFNA(VLOOKUP(pts_sub!$A89,sub!$B$2:$E1000,4,FALSE),"") | D89: =IFNA(VLOOKUP(pts_sub!$D89,FIX!$A$2:$D1000,4, FALSE),"")
A90: =IFNA(VLOOKUP(pts_sub!$A90,sub!$B$2:$E1000,4,FALSE),"") | D90: =IFNA(VLOOKUP(pts_sub!$D90,FIX!$A$2:$D1000,4, FALSE),"")
A91: =IFNA(VLOOKUP(pts_sub!$A91,sub!$B$2:$E1000,4,FALSE),"") | D91: =IFNA(VLOOKUP(pts_sub!$D91,FIX!$A$2:$D1000,4, FALSE),"")
A92: =IFNA(VLOOKUP(pts_sub!$A92,sub!$B$2:$E1000,4,FALSE),"") | D92: =IFNA(VLOOKUP(pts_sub!$D92,FIX!$A$2:$D1000,4, FALSE),"")
A93: =IFNA(VLOOKUP(pts_sub!$A93,sub!$B$2:$E1000,4,FALSE),"") | D93: =IFNA(VLOOKUP(pts_sub!$D93,FIX!$A$2:$D1000,4, FALSE),"")
A94: =IFNA(VLOOKUP(pts_sub!$A94,sub!$B$2:$E1000,4,FALSE),"") | D94: =IFNA(VLOOKUP(pts_sub!$D94,FIX!$A$2:$D1000,4, FALSE),"")
A95: =IFNA(VLOOKUP(pts_sub!$A95,sub!$B$2:$E1000,4,FALSE),"") | D95: =IFNA(VLOOKUP(pts_sub!$D95,FIX!$A$2:$D1000,4, FALSE),"")
A96: =IFNA(VLOOKUP(pts_sub!$A96,sub!$B$2:$E1000,4,FALSE),"") | D96: =IFNA(VLOOKUP(pts_sub!$D96,FIX!$A$2:$D1000,4, FALSE),"")
A97: =IFNA(VLOOKUP(pts_sub!$A97,sub!$B$2:$E1000,4,FALSE),"") | D97: =IFNA(VLOOKUP(pts_sub!$D97,FIX!$A$2:$D1000,4, FALSE),"")
A98: =IFNA(VLOOKUP(pts_sub!$A98,sub!$B$2:$E1000,4,FALSE),"") | D98: =IFNA(VLOOKUP(pts_sub!$D98,FIX!$A$2:$D1000,4, FALSE),"")
A99: =IFNA(VLOOKUP(pts_sub!$A99,sub!$B$2:$E1000,4,FALSE),"") | D99: =IFNA(VLOOKUP(pts_sub!$D99,FIX!$A$2:$D1000,4, FALSE),"")
A100: =IFNA(VLOOKUP(pts_sub!$A100,sub!$B$2:$E1000,4,FALSE),"") | D100: =IFNA(VLOOKUP(pts_sub!$D100,FIX!$A$2:$D1000,4, FALSE),"")
...

Sheet FIX
A1: NOME | B1: LATITUDE(DMS) | C1: LONGITUDE(DMS) | D1: NUMERO DO FIXO | E1: LATITUDE(DMM) | F1: LONGITUDE(DMM)
A2: 5LN01 | B2: S19 55 15.03 | C2: W044 39 08.84 | D2: 1 | E2: =concatenate(RIGHT($G2,2),text($H2+$J2,"00.000"),LEFT($G2,1)) -> 1955.251S | F2: =concatenate(RIGHT($L2,3),text($M2+$O2,"00.000"),LEFT($L2,1)) -> 04439.147W | G2: =IFERROR(__xludf.DUMMYFUNCTION("SPLIT($B2,"" "")"),"S19") -> S19 | H2: =IFERROR(__xludf.DUMMYFUNCTION("""COMPUTED_VALUE"""),55.0) -> 55 | I2: =IFERROR(__xludf.DUMMYFUNCTION("""COMPUTED_VALUE"""),15.03) -> 15.03 | J2: =text(ROUND(I2/60,3),"0.000") -> 0.251 | L2: =IFERROR(__xludf.DUMMYFUNCTION("SPLIT($C2,"" "")"),"W044") -> W044 | M2: =IFERROR(__xludf.DUMMYFUNCTION("""COMPUTED_VALUE"""),39.0) -> 39 | N2: =IFERROR(__xludf.DUMMYFUNCTION("""COMPUTED_VALUE"""),8.84) -> 8.84 | O2: =text(round(N2/60,3),"0.000") -> 0.147 | Q2: =-1*(RIGHT(G2,2)+H2/60+INT(I2)/3600) -> -19.920833 | R2: =-1*(RIGHT(L2,3)+M2/60+int(N2)/3600) -> -44.652222
A3: 5LN02 | B3: S19 44 10.40 | C3: W044 13 36.38 | D3: 2 | E3: =concatenate(RIGHT($G3,2),text($H3+$J3,"00.000"),LEFT($G3,1)) -> 1944.173S | F3: =concatenate(RIGHT($L3,3),text($M3+$O3,"00.000"),LEFT($L3,1)) -> 04413.606W | G3: =IFERROR(__xludf.DUMMYFUNCTION("SPLIT($B3,"" "")"),"S19") -> S19 | H3: =IFERROR(__xludf.DUMMYFUNCTION("""COMPUTED_VALUE"""),44.0) -> 44 | I3: =IFERROR(__xludf.DUMMYFUNCTION("""COMPUTED_VALUE"""),10.4) -> 10.4 | J3: =text(ROUND(I3/60,3),"0.000") -> 0.173 | L3: =IFERROR(__xludf.DUMMYFUNCTION("SPLIT($C3,"" "")"),"W044") -> W044 | M3: =IFERROR(__xludf.DUMMYFUNCTION("""COMPUTED_VALUE"""),13.0) -> 13 | N3: =IFERROR(__xludf.DUMMYFUNCTION("""COMPUTED_VALUE"""),36.38) -> 36.38 | O3: =text(round(N3/60,3),"0.000") -> 0.606 | Q3: =-1*(RIGHT(G3,2)+H3/60+INT(I3)/3600) -> -19.736111 | R3: =-1*(RIGHT(L3,3)+M3/60+int(N3)/3600) -> -44.226667
A4: 5LN03 | B4: S19 44 32.37 | C4: W044 20 18.34 | D4: 3 | E4: =concatenate(RIGHT($G4,2),text($H4+$J4,"00.000"),LEFT($G4,1)) -> 1944.540S | F4: =concatenate(RIGHT($L4,3),text($M4+$O4,"00.000"),LEFT($L4,1)) -> 04420.306W | G4: =IFERROR(__xludf.DUMMYFUNCTION("SPLIT($B4,"" "")"),"S19") -> S19 | H4: =IFERROR(__xludf.DUMMYFUNCTION("""COMPUTED_VALUE"""),44.0) -> 44 | I4: =IFERROR(__xludf.DUMMYFUNCTION("""COMPUTED_VALUE"""),32.37) -> 32.37 | J4: =text(ROUND(I4/60,3),"0.000") -> 0.540 | L4: =IFERROR(__xludf.DUMMYFUNCTION("SPLIT($C4,"" "")"),"W044") -> W044 | M4: =IFERROR(__xludf.DUMMYFUNCTION("""COMPUTED_VALUE"""),20.0) -> 20 | N4: =IFERROR(__xludf.DUMMYFUNCTION("""COMPUTED_VALUE"""),18.34) -> 18.34 | O4: =text(round(N4/60,3),"0.000") -> 0.306 | Q4: =-1*(RIGHT(G4,2)+H4/60+INT(I4)/3600) -> -19.742222 | R4: =-1*(RIGHT(L4,3)+M4/60+int(N4)/3600) -> -44.338333
A5: 5LN04 | B5: S19 56 42.81 | C5: W043 42 09.79 | D5: 4 | E5: =concatenate(RIGHT($G5,2),text($H5+$J5,"00.000"),LEFT($G5,1)) -> 1956.714S | F5: =concatenate(RIGHT($L5,3),text($M5+$O5,"00.000"),LEFT($L5,1)) -> 04342.163W | G5: =IFERROR(__xludf.DUMMYFUNCTION("SPLIT($B5,"" "")"),"S19") -> S19 | H5: =IFERROR(__xludf.DUMMYFUNCTION("""COMPUTED_VALUE"""),56.0) -> 56 | I5: =IFERROR(__xludf.DUMMYFUNCTION("""COMPUTED_VALUE"""),42.81) -> 42.81 | J5: =text(ROUND(I5/60,3),"0.000") -> 0.714 | L5: =IFERROR(__xludf.DUMMYFUNCTION("SPLIT($C5,"" "")"),"W043") -> W043 | M5: =IFERROR(__xludf.DUMMYFUNCTION("""COMPUTED_VALUE"""),42.0) -> 42 | N5: =IFERROR(__xludf.DUMMYFUNCTION("""COMPUTED_VALUE"""),9.79) -> 9.79 | O5: =text(round(N5/60,3),"0.000") -> 0.163 | Q5: =-1*(RIGHT(G5,2)+H5/60+INT(I5)/3600) -> -19.945 | R5: =-1*(RIGHT(L5,3)+M5/60+int(N5)/3600) -> -43.7025
A6: 5LN05 | B6: S19 57 18.40 | C6: W043 30 50.60 | D6: 5 | E6: =concatenate(RIGHT($G6,2),text($H6+$J6,"00.000"),LEFT($G6,1)) -> 1957.307S | F6: =concatenate(RIGHT($L6,3),text($M6+$O6,"00.000"),LEFT($L6,1)) -> 04330.843W | G6: =IFERROR(__xludf.DUMMYFUNCTION("SPLIT($B6,"" "")"),"S19") -> S19 | H6: =IFERROR(__xludf.DUMMYFUNCTION("""COMPUTED_VALUE"""),57.0) -> 57 | I6: =IFERROR(__xludf.DUMMYFUNCTION("""COMPUTED_VALUE"""),18.4) -> 18.4 | J6: =text(ROUND(I6/60,3),"0.000") -> 0.307 | L6: =IFERROR(__xludf.DUMMYFUNCTION("SPLIT($C6,"" "")"),"W043") -> W043 | M6: =IFERROR(__xludf.DUMMYFUNCTION("""COMPUTED_VALUE"""),30.0) -> 30 | N6: =IFERROR(__xludf.DUMMYFUNCTION("""COMPUTED_VALUE"""),50.6) -> 50.6 | O6: =text(round(N6/60,3),"0.000") -> 0.843 | Q6: =-1*(RIGHT(G6,2)+H6/60+INT(I6)/3600) -> -19.955 | R6: =-1*(RIGHT(L6,3)+M6/60+int(N6)/3600) -> -43.513889
A7: 5LN06 | B7: S19 58 27.56 | C7: W043 08 07.27 | D7: 6 | E7: =concatenate(RIGHT($G7,2),text($H7+$J7,"00.000"),LEFT($G7,1)) -> 1958.459S | F7: =concatenate(RIGHT($L7,3),text($M7+$O7,"00.000"),LEFT($L7,1)) -> 04308.121W | G7: =IFERROR(__xludf.DUMMYFUNCTION("SPLIT($B7,"" "")"),"S19") -> S19 | H7: =IFERROR(__xludf.DUMMYFUNCTION("""COMPUTED_VALUE"""),58.0) -> 58 | I7: =IFERROR(__xludf.DUMMYFUNCTION("""COMPUTED_VALUE"""),27.56) -> 27.56 | J7: =text(ROUND(I7/60,3),"0.000") -> 0.459 | L7: =IFERROR(__xludf.DUMMYFUNCTION("SPLIT($C7,"" "")"),"W043") -> W043 | M7: =IFERROR(__xludf.DUMMYFUNCTION("""COMPUTED_VALUE"""),8.0) -> 8 | N7: =IFERROR(__xludf.DUMMYFUNCTION("""COMPUTED_VALUE"""),7.27) -> 7.27 | O7: =text(round(N7/60,3),"0.000") -> 0.121 | Q7: =-1*(RIGHT(G7,2)+H7/60+INT(I7)/3600) -> -19.974167 | R7: =-1*(RIGHT(L7,3)+M7/60+int(N7)/3600) -> -43.135278
A8: 5LN07 | B8: S20 01 06.50 | C8: W044 07 45.04 | D8: 7 | E8: =concatenate(RIGHT($G8,2),text($H8+$J8,"00.000"),LEFT($G8,1)) -> 2001.108S | F8: =concatenate(RIGHT($L8,3),text($M8+$O8,"00.000"),LEFT($L8,1)) -> 04407.751W | G8: =IFERROR(__xludf.DUMMYFUNCTION("SPLIT($B8,"" "")"),"S20") -> S20 | H8: =IFERROR(__xludf.DUMMYFUNCTION("""COMPUTED_VALUE"""),1.0) -> 1 | I8: =IFERROR(__xludf.DUMMYFUNCTION("""COMPUTED_VALUE"""),6.5) -> 6.5 | J8: =text(ROUND(I8/60,3),"0.000") -> 0.108 | L8: =IFERROR(__xludf.DUMMYFUNCTION("SPLIT($C8,"" "")"),"W044") -> W044 | M8: =IFERROR(__xludf.DUMMYFUNCTION("""COMPUTED_VALUE"""),7.0) -> 7 | N8: =IFERROR(__xludf.DUMMYFUNCTION("""COMPUTED_VALUE"""),45.04) -> 45.04 | O8: =text(round(N8/60,3),"0.000") -> 0.751 | Q8: =-1*(RIGHT(G8,2)+H8/60+INT(I8)/3600) -> -20.018333 | R8: =-1*(RIGHT(L8,3)+M8/60+int(N8)/3600) -> -44.129167
A9: 5LN08 | B9: S18 52 28.86 | C9: W043 58 28.48 | D9: 8 | E9: =concatenate(RIGHT($G9,2),text($H9+$J9,"00.000"),LEFT($G9,1)) -> 1852.481S | F9: =concatenate(RIGHT($L9,3),text($M9+$O9,"00.000"),LEFT($L9,1)) -> 04358.475W | G9: =IFERROR(__xludf.DUMMYFUNCTION("SPLIT($B9,"" "")"),"S18") -> S18 | H9: =IFERROR(__xludf.DUMMYFUNCTION("""COMPUTED_VALUE"""),52.0) -> 52 | I9: =IFERROR(__xludf.DUMMYFUNCTION("""COMPUTED_VALUE"""),28.86) -> 28.86 | J9: =text(ROUND(I9/60,3),"0.000") -> 0.481 | L9: =IFERROR(__xludf.DUMMYFUNCTION("SPLIT($C9,"" "")"),"W043") -> W043 | M9: =IFERROR(__xludf.DUMMYFUNCTION("""COMPUTED_VALUE"""),58.0) -> 58 | N9: =IFERROR(__xludf.DUMMYFUNCTION("""COMPUTED_VALUE"""),28.48) -> 28.48 | O9: =text(round(N9/60,3),"0.000") -> 0.475 | Q9: =-1*(RIGHT(G9,2)+H9/60+INT(I9)/3600) -> -18.874444 | R9: =-1*(RIGHT(L9,3)+M9/60+int(N9)/3600) -> -43.974444
A10: 5LN09 | B10: S19 57 15.62 | C10: W043 57 33.24 | D10: 9 | E10: =concatenate(RIGHT($G10,2),text($H10+$J10,"00.000"),LEFT($G10,1)) -> 1957.260S | F10: =concatenate(RIGHT($L10,3),text($M10+$O10,"00.000"),LEFT($L10,1)) -> 04357.554W | G10: =IFERROR(__xludf.DUMMYFUNCTION("SPLIT($B10,"" "")"),"S19") -> S19 | H10: =IFERROR(__xludf.DUMMYFUNCTION("""COMPUTED_VALUE"""),57.0) -> 57 | I10: =IFERROR(__xludf.DUMMYFUNCTION("""COMPUTED_VALUE"""),15.62) -> 15.62 | J10: =text(ROUND(I10/60,3),"0.000") -> 0.260 | L10: =IFERROR(__xludf.DUMMYFUNCTION("SPLIT($C10,"" "")"),"W043") -> W043 | M10: =IFERROR(__xludf.DUMMYFUNCTION("""COMPUTED_VALUE"""),57.0) -> 57 | N10: =IFERROR(__xludf.DUMMYFUNCTION("""COMPUTED_VALUE"""),33.24) -> 33.24 | O10: =text(round(N10/60,3),"0.000") -> 0.554 | Q10: =-1*(RIGHT(G10,2)+H10/60+INT(I10)/3600) -> -19.954167 | R10: =-1*(RIGHT(L10,3)+M10/60+int(N10)/3600) -> -43.959167
A11: 5LN10 | B11: S19 12 00.79 | C11: W043 19 13.79 | D11: 10 | E11: =concatenate(RIGHT($G11,2),text($H11+$J11,"00.000"),LEFT($G11,1)) -> 1912.013S | F11: =concatenate(RIGHT($L11,3),text($M11+$O11,"00.000"),LEFT($L11,1)) -> 04319.230W | G11: =IFERROR(__xludf.DUMMYFUNCTION("SPLIT($B11,"" "")"),"S19") -> S19 | H11: =IFERROR(__xludf.DUMMYFUNCTION("""COMPUTED_VALUE"""),12.0) -> 12 | I11: =IFERROR(__xludf.DUMMYFUNCTION("""COMPUTED_VALUE"""),0.79) -> 0.79 | J11: =text(ROUND(I11/60,3),"0.000") -> 0.013 | L11: =IFERROR(__xludf.DUMMYFUNCTION("SPLIT($C11,"" "")"),"W043") -> W043 | M11: =IFERROR(__xludf.DUMMYFUNCTION("""COMPUTED_VALUE"""),19.0) -> 19 | N11: =IFERROR(__xludf.DUMMYFUNCTION("""COMPUTED_VALUE"""),13.79) -> 13.79 | O11: =text(round(N11/60,3),"0.000") -> 0.230 | Q11: =-1*(RIGHT(G11,2)+H11/60+INT(I11)/3600) -> -19.2 | R11: =-1*(RIGHT(L11,3)+M11/60+int(N11)/3600) -> -43.320278
A12: 5LN11 | B12: S20 16 33.27 | C12: W043 47 27.08 | D12: 11 | E12: =concatenate(RIGHT($G12,2),text($H12+$J12,"00.000"),LEFT($G12,1)) -> 2016.555S | F12: =concatenate(RIGHT($L12,3),text($M12+$O12,"00.000"),LEFT($L12,1)) -> 04347.451W | G12: =IFERROR(__xludf.DUMMYFUNCTION("SPLIT($B12,"" "")"),"S20") -> S20 | H12: =IFERROR(__xludf.DUMMYFUNCTION("""COMPUTED_VALUE"""),16.0) -> 16 | I12: =IFERROR(__xludf.DUMMYFUNCTION("""COMPUTED_VALUE"""),33.27) -> 33.27 | J12: =text(ROUND(I12/60,3),"0.000") -> 0.555 | L12: =IFERROR(__xludf.DUMMYFUNCTION("SPLIT($C12,"" "")"),"W043") -> W043 | M12: =IFERROR(__xludf.DUMMYFUNCTION("""COMPUTED_VALUE"""),47.0) -> 47 | N12: =IFERROR(__xludf.DUMMYFUNCTION("""COMPUTED_VALUE"""),27.08) -> 27.08 | O12: =text(round(N12/60,3),"0.000") -> 0.451 | Q12: =-1*(RIGHT(G12,2)+H12/60+INT(I12)/3600) -> -20.275833 | R12: =-1*(RIGHT(L12,3)+M12/60+int(N12)/3600) -> -43.790833
A13: 5LN12 | B13: S20 22 06.13 | C13: W043 53 45.81 | D13: 12 | E13: =concatenate(RIGHT($G13,2),text($H13+$J13,"00.000"),LEFT($G13,1)) -> 2022.102S | F13: =concatenate(RIGHT($L13,3),text($M13+$O13,"00.000"),LEFT($L13,1)) -> 04353.764W | G13: =IFERROR(__xludf.DUMMYFUNCTION("SPLIT($B13,"" "")"),"S20") -> S20 | H13: =IFERROR(__xludf.DUMMYFUNCTION("""COMPUTED_VALUE"""),22.0) -> 22 | I13: =IFERROR(__xludf.DUMMYFUNCTION("""COMPUTED_VALUE"""),6.13) -> 6.13 | J13: =text(ROUND(I13/60,3),"0.000") -> 0.102 | L13: =IFERROR(__xludf.DUMMYFUNCTION("SPLIT($C13,"" "")"),"W043") -> W043 | M13: =IFERROR(__xludf.DUMMYFUNCTION("""COMPUTED_VALUE"""),53.0) -> 53 | N13: =IFERROR(__xludf.DUMMYFUNCTION("""COMPUTED_VALUE"""),45.81) -> 45.81 | O13: =text(round(N13/60,3),"0.000") -> 0.764 | Q13: =-1*(RIGHT(G13,2)+H13/60+INT(I13)/3600) -> -20.368333 | R13: =-1*(RIGHT(L13,3)+M13/60+int(N13)/3600) -> -43.895833
A14: 5LN13 | B14: S19 07 26.96 | C14: W043 49 59.65 | D14: 13 | E14: =concatenate(RIGHT($G14,2),text($H14+$J14,"00.000"),LEFT($G14,1)) -> 1907.449S | F14: =concatenate(RIGHT($L14,3),text($M14+$O14,"00.000"),LEFT($L14,1)) -> 04349.994W | G14: =IFERROR(__xludf.DUMMYFUNCTION("SPLIT($B14,"" "")"),"S19") -> S19 | H14: =IFERROR(__xludf.DUMMYFUNCTION("""COMPUTED_VALUE"""),7.0) -> 7 | I14: =IFERROR(__xludf.DUMMYFUNCTION("""COMPUTED_VALUE"""),26.96) -> 26.96 | J14: =text(ROUND(I14/60,3),"0.000") -> 0.449 | L14: =IFERROR(__xludf.DUMMYFUNCTION("SPLIT($C14,"" "")"),"W043") -> W043 | M14: =IFERROR(__xludf.DUMMYFUNCTION("""COMPUTED_VALUE"""),49.0) -> 49 | N14: =IFERROR(__xludf.DUMMYFUNCTION("""COMPUTED_VALUE"""),59.65) -> 59.65 | O14: =text(round(N14/60,3),"0.000") -> 0.994 | Q14: =-1*(RIGHT(G14,2)+H14/60+INT(I14)/3600) -> -19.123889 | R14: =-1*(RIGHT(L14,3)+M14/60+int(N14)/3600) -> -43.833056
A15: 5LN14 | B15: S19 51 20.84 | C15: W044 17 09.30 | D15: 14 | E15: =concatenate(RIGHT($G15,2),text($H15+$J15,"00.000"),LEFT($G15,1)) -> 1951.347S | F15: =concatenate(RIGHT($L15,3),text($M15+$O15,"00.000"),LEFT($L15,1)) -> 04417.155W | G15: =IFERROR(__xludf.DUMMYFUNCTION("SPLIT($B15,"" "")"),"S19") -> S19 | H15: =IFERROR(__xludf.DUMMYFUNCTION("""COMPUTED_VALUE"""),51.0) -> 51 | I15: =IFERROR(__xludf.DUMMYFUNCTION("""COMPUTED_VALUE"""),20.84) -> 20.84 | J15: =text(ROUND(I15/60,3),"0.000") -> 0.347 | L15: =IFERROR(__xludf.DUMMYFUNCTION("SPLIT($C15,"" "")"),"W044") -> W044 | M15: =IFERROR(__xludf.DUMMYFUNCTION("""COMPUTED_VALUE"""),17.0) -> 17 | N15: =IFERROR(__xludf.DUMMYFUNCTION("""COMPUTED_VALUE"""),9.3) -> 9.3 | O15: =text(round(N15/60,3),"0.000") -> 0.155 | Q15: =-1*(RIGHT(G15,2)+H15/60+INT(I15)/3600) -> -19.855556 | R15: =-1*(RIGHT(L15,3)+M15/60+int(N15)/3600) -> -44.285833
A16: 5LN15 | B16: S20 29 10.83 | C16: W044 20 07.08 | D16: 15 | E16: =concatenate(RIGHT($G16,2),text($H16+$J16,"00.000"),LEFT($G16,1)) -> 2029.181S | F16: =concatenate(RIGHT($L16,3),text($M16+$O16,"00.000"),LEFT($L16,1)) -> 04420.118W | G16: =IFERROR(__xludf.DUMMYFUNCTION("SPLIT($B16,"" "")"),"S20") -> S20 | H16: =IFERROR(__xludf.DUMMYFUNCTION("""COMPUTED_VALUE"""),29.0) -> 29 | I16: =IFERROR(__xludf.DUMMYFUNCTION("""COMPUTED_VALUE"""),10.83) -> 10.83 | J16: =text(ROUND(I16/60,3),"0.000") -> 0.181 | L16: =IFERROR(__xludf.DUMMYFUNCTION("SPLIT($C16,"" "")"),"W044") -> W044 | M16: =IFERROR(__xludf.DUMMYFUNCTION("""COMPUTED_VALUE"""),20.0) -> 20 | N16: =IFERROR(__xludf.DUMMYFUNCTION("""COMPUTED_VALUE"""),7.08) -> 7.08 | O16: =text(round(N16/60,3),"0.000") -> 0.118 | Q16: =-1*(RIGHT(G16,2)+H16/60+INT(I16)/3600) -> -20.486111 | R16: =-1*(RIGHT(L16,3)+M16/60+int(N16)/3600) -> -44.335278
A17: 5LN16 | B17: S20 11 39.52 | C17: W043 15 32.91 | D17: 16 | E17: =concatenate(RIGHT($G17,2),text($H17+$J17,"00.000"),LEFT($G17,1)) -> 2011.659S | F17: =concatenate(RIGHT($L17,3),text($M17+$O17,"00.000"),LEFT($L17,1)) -> 04315.549W | G17: =IFERROR(__xludf.DUMMYFUNCTION("SPLIT($B17,"" "")"),"S20") -> S20 | H17: =IFERROR(__xludf.DUMMYFUNCTION("""COMPUTED_VALUE"""),11.0) -> 11 | I17: =IFERROR(__xludf.DUMMYFUNCTION("""COMPUTED_VALUE"""),39.52) -> 39.52 | J17: =text(ROUND(I17/60,3),"0.000") -> 0.659 | L17: =IFERROR(__xludf.DUMMYFUNCTION("SPLIT($C17,"" "")"),"W043") -> W043 | M17: =IFERROR(__xludf.DUMMYFUNCTION("""COMPUTED_VALUE"""),15.0) -> 15 | N17: =IFERROR(__xludf.DUMMYFUNCTION("""COMPUTED_VALUE"""),32.91) -> 32.91 | O17: =text(round(N17/60,3),"0.000") -> 0.549 | Q17: =-1*(RIGHT(G17,2)+H17/60+INT(I17)/3600) -> -20.194167 | R17: =-1*(RIGHT(L17,3)+M17/60+int(N17)/3600) -> -43.258889
A18: 5LN17 | B18: S19 48 31.71 | C18: W044 07 54.66 | D18: 17 | E18: =concatenate(RIGHT($G18,2),text($H18+$J18,"00.000"),LEFT($G18,1)) -> 1948.529S | F18: =concatenate(RIGHT($L18,3),text($M18+$O18,"00.000"),LEFT($L18,1)) -> 04407.911W | G18: =IFERROR(__xludf.DUMMYFUNCTION("SPLIT($B18,"" "")"),"S19") -> S19 | H18: =IFERROR(__xludf.DUMMYFUNCTION("""COMPUTED_VALUE"""),48.0) -> 48 | I18: =IFERROR(__xludf.DUMMYFUNCTION("""COMPUTED_VALUE"""),31.71) -> 31.71 | J18: =text(ROUND(I18/60,3),"0.000") -> 0.529 | L18: =IFERROR(__xludf.DUMMYFUNCTION("SPLIT($C18,"" "")"),"W044") -> W044 | M18: =IFERROR(__xludf.DUMMYFUNCTION("""COMPUTED_VALUE"""),7.0) -> 7 | N18: =IFERROR(__xludf.DUMMYFUNCTION("""COMPUTED_VALUE"""),54.66) -> 54.66 | O18: =text(round(N18/60,3),"0.000") -> 0.911 | Q18: =-1*(RIGHT(G18,2)+H18/60+INT(I18)/3600) -> -19.808611 | R18: =-1*(RIGHT(L18,3)+M18/60+int(N18)/3600) -> -44.131667
A19: 5LN18 | B19: S20 03 53.99 | C19: W044 36 03.67 | D19: 18 | E19: =concatenate(RIGHT($G19,2),text($H19+$J19,"00.000"),LEFT($G19,1)) -> 2003.900S | F19: =concatenate(RIGHT($L19,3),text($M19+$O19,"00.000"),LEFT($L19,1)) -> 04436.061W | G19: =IFERROR(__xludf.DUMMYFUNCTION("SPLIT($B19,"" "")"),"S20") -> S20 | H19: =IFERROR(__xludf.DUMMYFUNCTION("""COMPUTED_VALUE"""),3.0) -> 3 | I19: =IFERROR(__xludf.DUMMYFUNCTION("""COMPUTED_VALUE"""),53.99) -> 53.99 | J19: =text(ROUND(I19/60,3),"0.000") -> 0.900 | L19: =IFERROR(__xludf.DUMMYFUNCTION("SPLIT($C19,"" "")"),"W044") -> W044 | M19: =IFERROR(__xludf.DUMMYFUNCTION("""COMPUTED_VALUE"""),36.0) -> 36 | N19: =IFERROR(__xludf.DUMMYFUNCTION("""COMPUTED_VALUE"""),3.67) -> 3.67 | O19: =text(round(N19/60,3),"0.000") -> 0.061 | Q19: =-1*(RIGHT(G19,2)+H19/60+INT(I19)/3600) -> -20.064722 | R19: =-1*(RIGHT(L19,3)+M19/60+int(N19)/3600) -> -44.600833
A20: 5LN19 | B20: S20 24 46.36 | C20: W044 26 07.78 | D20: 19 | E20: =concatenate(RIGHT($G20,2),text($H20+$J20,"00.000"),LEFT($G20,1)) -> 2024.773S | F20: =concatenate(RIGHT($L20,3),text($M20+$O20,"00.000"),LEFT($L20,1)) -> 04426.130W | G20: =IFERROR(__xludf.DUMMYFUNCTION("SPLIT($B20,"" "")"),"S20") -> S20 | H20: =IFERROR(__xludf.DUMMYFUNCTION("""COMPUTED_VALUE"""),24.0) -> 24 | I20: =IFERROR(__xludf.DUMMYFUNCTION("""COMPUTED_VALUE"""),46.36) -> 46.36 | J20: =text(ROUND(I20/60,3),"0.000") -> 0.773 | L20: =IFERROR(__xludf.DUMMYFUNCTION("SPLIT($C20,"" "")"),"W044") -> W044 | M20: =IFERROR(__xludf.DUMMYFUNCTION("""COMPUTED_VALUE"""),26.0) -> 26 | N20: =IFERROR(__xludf.DUMMYFUNCTION("""COMPUTED_VALUE"""),7.78) -> 7.78 | O20: =text(round(N20/60,3),"0.000") -> 0.130 | Q20: =-1*(RIGHT(G20,2)+H20/60+INT(I20)/3600) -> -20.412778 | R20: =-1*(RIGHT(L20,3)+M20/60+int(N20)/3600) -> -44.435278
A21: 5LN20 | B21: S19 36 15.31 | C21: W044 31 19.72 | D21: 20 | E21: =concatenate(RIGHT($G21,2),text($H21+$J21,"00.000"),LEFT($G21,1)) -> 1936.255S | F21: =concatenate(RIGHT($L21,3),text($M21+$O21,"00.000"),LEFT($L21,1)) -> 04431.329W | G21: =IFERROR(__xludf.DUMMYFUNCTION("SPLIT($B21,"" "")"),"S19") -> S19 | H21: =IFERROR(__xludf.DUMMYFUNCTION("""COMPUTED_VALUE"""),36.0) -> 36 | I21: =IFERROR(__xludf.DUMMYFUNCTION("""COMPUTED_VALUE"""),15.31) -> 15.31 | J21: =text(ROUND(I21/60,3),"0.000") -> 0.255 | L21: =IFERROR(__xludf.DUMMYFUNCTION("SPLIT($C21,"" "")"),"W044") -> W044 | M21: =IFERROR(__xludf.DUMMYFUNCTION("""COMPUTED_VALUE"""),31.0) -> 31 | N21: =IFERROR(__xludf.DUMMYFUNCTION("""COMPUTED_VALUE"""),19.72) -> 19.72 | O21: =text(round(N21/60,3),"0.000") -> 0.329 | Q21: =-1*(RIGHT(G21,2)+H21/60+INT(I21)/3600) -> -19.604167 | R21: =-1*(RIGHT(L21,3)+M21/60+int(N21)/3600) -> -44.521944
A22: 5LN21 | B22: S20 05 12.34 | C22: W043 56 21.62 | D22: 21 | E22: =concatenate(RIGHT($G22,2),text($H22+$J22,"00.000"),LEFT($G22,1)) -> 2005.206S | F22: =concatenate(RIGHT($L22,3),text($M22+$O22,"00.000"),LEFT($L22,1)) -> 04356.360W | G22: =IFERROR(__xludf.DUMMYFUNCTION("SPLIT($B22,"" "")"),"S20") -> S20 | H22: =IFERROR(__xludf.DUMMYFUNCTION("""COMPUTED_VALUE"""),5.0) -> 5 | I22: =IFERROR(__xludf.DUMMYFUNCTION("""COMPUTED_VALUE"""),12.34) -> 12.34 | J22: =text(ROUND(I22/60,3),"0.000") -> 0.206 | L22: =IFERROR(__xludf.DUMMYFUNCTION("SPLIT($C22,"" "")"),"W043") -> W043 | M22: =IFERROR(__xludf.DUMMYFUNCTION("""COMPUTED_VALUE"""),56.0) -> 56 | N22: =IFERROR(__xludf.DUMMYFUNCTION("""COMPUTED_VALUE"""),21.62) -> 21.62 | O22: =text(round(N22/60,3),"0.000") -> 0.360 | Q22: =-1*(RIGHT(G22,2)+H22/60+INT(I22)/3600) -> -20.086667 | R22: =-1*(RIGHT(L22,3)+M22/60+int(N22)/3600) -> -43.939167
A23: 5LN22 | B23: S19 33 26.30 | C23: W043 46 55.24 | D23: 22 | E23: =concatenate(RIGHT($G23,2),text($H23+$J23,"00.000"),LEFT($G23,1)) -> 1933.438S | F23: =concatenate(RIGHT($L23,3),text($M23+$O23,"00.000"),LEFT($L23,1)) -> 04346.921W | G23: =IFERROR(__xludf.DUMMYFUNCTION("SPLIT($B23,"" "")"),"S19") -> S19 | H23: =IFERROR(__xludf.DUMMYFUNCTION("""COMPUTED_VALUE"""),33.0) -> 33 | I23: =IFERROR(__xludf.DUMMYFUNCTION("""COMPUTED_VALUE"""),26.3) -> 26.3 | J23: =text(ROUND(I23/60,3),"0.000") -> 0.438 | L23: =IFERROR(__xludf.DUMMYFUNCTION("SPLIT($C23,"" "")"),"W043") -> W043 | M23: =IFERROR(__xludf.DUMMYFUNCTION("""COMPUTED_VALUE"""),46.0) -> 46 | N23: =IFERROR(__xludf.DUMMYFUNCTION("""COMPUTED_VALUE"""),55.24) -> 55.24 | O23: =text(round(N23/60,3),"0.000") -> 0.921 | Q23: =-1*(RIGHT(G23,2)+H23/60+INT(I23)/3600) -> -19.557222 | R23: =-1*(RIGHT(L23,3)+M23/60+int(N23)/3600) -> -43.781944
A24: 5LN23 | B24: S19 41 06.07 | C24: W044 44 10.44 | D24: 23 | E24: =concatenate(RIGHT($G24,2),text($H24+$J24,"00.000"),LEFT($G24,1)) -> 1941.101S | F24: =concatenate(RIGHT($L24,3),text($M24+$O24,"00.000"),LEFT($L24,1)) -> 04444.174W | G24: =IFERROR(__xludf.DUMMYFUNCTION("SPLIT($B24,"" "")"),"S19") -> S19 | H24: =IFERROR(__xludf.DUMMYFUNCTION("""COMPUTED_VALUE"""),41.0) -> 41 | I24: =IFERROR(__xludf.DUMMYFUNCTION("""COMPUTED_VALUE"""),6.07) -> 6.07 | J24: =text(ROUND(I24/60,3),"0.000") -> 0.101 | L24: =IFERROR(__xludf.DUMMYFUNCTION("SPLIT($C24,"" "")"),"W044") -> W044 | M24: =IFERROR(__xludf.DUMMYFUNCTION("""COMPUTED_VALUE"""),44.0) -> 44 | N24: =IFERROR(__xludf.DUMMYFUNCTION("""COMPUTED_VALUE"""),10.44) -> 10.44 | O24: =text(round(N24/60,3),"0.000") -> 0.174 | Q24: =-1*(RIGHT(G24,2)+H24/60+INT(I24)/3600) -> -19.685 | R24: =-1*(RIGHT(L24,3)+M24/60+int(N24)/3600) -> -44.736111
A25: 5LN25 | B25: S19 17 40.13 | C25: W044 13 19.80 | D25: 24 | E25: =concatenate(RIGHT($G25,2),text($H25+$J25,"00.000"),LEFT($G25,1)) -> 1917.669S | F25: =concatenate(RIGHT($L25,3),text($M25+$O25,"00.000"),LEFT($L25,1)) -> 04413.330W | G25: =IFERROR(__xludf.DUMMYFUNCTION("SPLIT($B25,"" "")"),"S19") -> S19 | H25: =IFERROR(__xludf.DUMMYFUNCTION("""COMPUTED_VALUE"""),17.0) -> 17 | I25: =IFERROR(__xludf.DUMMYFUNCTION("""COMPUTED_VALUE"""),40.13) -> 40.13 | J25: =text(ROUND(I25/60,3),"0.000") -> 0.669 | L25: =IFERROR(__xludf.DUMMYFUNCTION("SPLIT($C25,"" "")"),"W044") -> W044 | M25: =IFERROR(__xludf.DUMMYFUNCTION("""COMPUTED_VALUE"""),13.0) -> 13 | N25: =IFERROR(__xludf.DUMMYFUNCTION("""COMPUTED_VALUE"""),19.8) -> 19.8 | O25: =text(round(N25/60,3),"0.000") -> 0.330 | Q25: =-1*(RIGHT(G25,2)+H25/60+INT(I25)/3600) -> -19.294444 | R25: =-1*(RIGHT(L25,3)+M25/60+int(N25)/3600) -> -44.221944
A26: 5LN26 | B26: S19 44 13.44 | C26: W043 59 33.06 | D26: 25 | E26: =concatenate(RIGHT($G26,2),text($H26+$J26,"00.000"),LEFT($G26,1)) -> 1944.224S | F26: =concatenate(RIGHT($L26,3),text($M26+$O26,"00.000"),LEFT($L26,1)) -> 04359.551W | G26: =IFERROR(__xludf.DUMMYFUNCTION("SPLIT($B26,"" "")"),"S19") -> S19 | H26: =IFERROR(__xludf.DUMMYFUNCTION("""COMPUTED_VALUE"""),44.0) -> 44 | I26: =IFERROR(__xludf.DUMMYFUNCTION("""COMPUTED_VALUE"""),13.44) -> 13.44 | J26: =text(ROUND(I26/60,3),"0.000") -> 0.224 | L26: =IFERROR(__xludf.DUMMYFUNCTION("SPLIT($C26,"" "")"),"W043") -> W043 | M26: =IFERROR(__xludf.DUMMYFUNCTION("""COMPUTED_VALUE"""),59.0) -> 59 | N26: =IFERROR(__xludf.DUMMYFUNCTION("""COMPUTED_VALUE"""),33.06) -> 33.06 | O26: =text(round(N26/60,3),"0.000") -> 0.551 | Q26: =-1*(RIGHT(G26,2)+H26/60+INT(I26)/3600) -> -19.736944 | R26: =-1*(RIGHT(L26,3)+M26/60+int(N26)/3600) -> -43.9925
A27: 5LN27 | B27: S19 29 08.26 | C27: W043 53 10.91 | D27: 26 | E27: =concatenate(RIGHT($G27,2),text($H27+$J27,"00.000"),LEFT($G27,1)) -> 1929.138S | F27: =concatenate(RIGHT($L27,3),text($M27+$O27,"00.000"),LEFT($L27,1)) -> 04353.182W | G27: =IFERROR(__xludf.DUMMYFUNCTION("SPLIT($B27,"" "")"),"S19") -> S19 | H27: =IFERROR(__xludf.DUMMYFUNCTION("""COMPUTED_VALUE"""),29.0) -> 29 | I27: =IFERROR(__xludf.DUMMYFUNCTION("""COMPUTED_VALUE"""),8.26) -> 8.26 | J27: =text(ROUND(I27/60,3),"0.000") -> 0.138 | L27: =IFERROR(__xludf.DUMMYFUNCTION("SPLIT($C27,"" "")"),"W043") -> W043 | M27: =IFERROR(__xludf.DUMMYFUNCTION("""COMPUTED_VALUE"""),53.0) -> 53 | N27: =IFERROR(__xludf.DUMMYFUNCTION("""COMPUTED_VALUE"""),10.91) -> 10.91 | O27: =text(round(N27/60,3),"0.000") -> 0.182 | Q27: =-1*(RIGHT(G27,2)+H27/60+INT(I27)/3600) -> -19.485556 | R27: =-1*(RIGHT(L27,3)+M27/60+int(N27)/3600) -> -43.886111
A28: 5LN28 | B28: S20 04 12.06 | C28: W043 54 39.84 | D28: 27 | E28: =concatenate(RIGHT($G28,2),text($H28+$J28,"00.000"),LEFT($G28,1)) -> 2004.201S | F28: =concatenate(RIGHT($L28,3),text($M28+$O28,"00.000"),LEFT($L28,1)) -> 04354.664W | G28: =IFERROR(__xludf.DUMMYFUNCTION("SPLIT($B28,"" "")"),"S20") -> S20 | H28: =IFERROR(__xludf.DUMMYFUNCTION("""COMPUTED_VALUE"""),4.0) -> 4 | I28: =IFERROR(__xludf.DUMMYFUNCTION("""COMPUTED_VALUE"""),12.06) -> 12.06 | J28: =text(ROUND(I28/60,3),"0.000") -> 0.201 | L28: =IFERROR(__xludf.DUMMYFUNCTION("SPLIT($C28,"" "")"),"W043") -> W043 | M28: =IFERROR(__xludf.DUMMYFUNCTION("""COMPUTED_VALUE"""),54.0) -> 54 | N28: =IFERROR(__xludf.DUMMYFUNCTION("""COMPUTED_VALUE"""),39.84) -> 39.84 | O28: =text(round(N28/60,3),"0.000") -> 0.664 | Q28: =-1*(RIGHT(G28,2)+H28/60+INT(I28)/3600) -> -20.07 | R28: =-1*(RIGHT(L28,3)+M28/60+int(N28)/3600) -> -43.910833
A29: 5LN29 | B29: S19 50 35.07 | C29: W043 27 41.30 | D29: 28 | E29: =concatenate(RIGHT($G29,2),text($H29+$J29,"00.000"),LEFT($G29,1)) -> 1950.585S | F29: =concatenate(RIGHT($L29,3),text($M29+$O29,"00.000"),LEFT($L29,1)) -> 04327.688W | G29: =IFERROR(__xludf.DUMMYFUNCTION("SPLIT($B29,"" "")"),"S19") -> S19 | H29: =IFERROR(__xludf.DUMMYFUNCTION("""COMPUTED_VALUE"""),50.0) -> 50 | I29: =IFERROR(__xludf.DUMMYFUNCTION("""COMPUTED_VALUE"""),35.07) -> 35.07 | J29: =text(ROUND(I29/60,3),"0.000") -> 0.585 | L29: =IFERROR(__xludf.DUMMYFUNCTION("SPLIT($C29,"" "")"),"W043") -> W043 | M29: =IFERROR(__xludf.DUMMYFUNCTION("""COMPUTED_VALUE"""),27.0) -> 27 | N29: =IFERROR(__xludf.DUMMYFUNCTION("""COMPUTED_VALUE"""),41.3) -> 41.3 | O29: =text(round(N29/60,3),"0.000") -> 0.688 | Q29: =-1*(RIGHT(G29,2)+H29/60+INT(I29)/3600) -> -19.843056 | R29: =-1*(RIGHT(L29,3)+M29/60+int(N29)/3600) -> -43.461389
A30: 5LN30 | B30: S19 10 52.50 | C30: W044 00 05.82 | D30: 29 | E30: =concatenate(RIGHT($G30,2),text($H30+$J30,"00.000"),LEFT($G30,1)) -> 1910.875S | F30: =concatenate(RIGHT($L30,3),text($M30+$O30,"00.000"),LEFT($L30,1)) -> 04400.097W | G30: =IFERROR(__xludf.DUMMYFUNCTION("SPLIT($B30,"" "")"),"S19") -> S19 | H30: =IFERROR(__xludf.DUMMYFUNCTION("""COMPUTED_VALUE"""),10.0) -> 10 | I30: =IFERROR(__xludf.DUMMYFUNCTION("""COMPUTED_VALUE"""),52.5) -> 52.5 | J30: =text(ROUND(I30/60,3),"0.000") -> 0.875 | L30: =IFERROR(__xludf.DUMMYFUNCTION("SPLIT($C30,"" "")"),"W044") -> W044 | M30: =IFERROR(__xludf.DUMMYFUNCTION("""COMPUTED_VALUE"""),0.0) -> 0 | N30: =IFERROR(__xludf.DUMMYFUNCTION("""COMPUTED_VALUE"""),5.82) -> 5.82 | O30: =text(round(N30/60,3),"0.000") -> 0.097 | Q30: =-1*(RIGHT(G30,2)+H30/60+INT(I30)/3600) -> -19.181111 | R30: =-1*(RIGHT(L30,3)+M30/60+int(N30)/3600) -> -44.001389
A31: 5LN32 | B31: S19 49 22.67 | C31: W044 17 21.31 | D31: 30 | E31: =concatenate(RIGHT($G31,2),text($H31+$J31,"00.000"),LEFT($G31,1)) -> 1949.378S | F31: =concatenate(RIGHT($L31,3),text($M31+$O31,"00.000"),LEFT($L31,1)) -> 04417.355W | G31: =IFERROR(__xludf.DUMMYFUNCTION("SPLIT($B31,"" "")"),"S19") -> S19 | H31: =IFERROR(__xludf.DUMMYFUNCTION("""COMPUTED_VALUE"""),49.0) -> 49 | I31: =IFERROR(__xludf.DUMMYFUNCTION("""COMPUTED_VALUE"""),22.67) -> 22.67 | J31: =text(ROUND(I31/60,3),"0.000") -> 0.378 | L31: =IFERROR(__xludf.DUMMYFUNCTION("SPLIT($C31,"" "")"),"W044") -> W044 | M31: =IFERROR(__xludf.DUMMYFUNCTION("""COMPUTED_VALUE"""),17.0) -> 17 | N31: =IFERROR(__xludf.DUMMYFUNCTION("""COMPUTED_VALUE"""),21.31) -> 21.31 | O31: =text(round(N31/60,3),"0.000") -> 0.355 | Q31: =-1*(RIGHT(G31,2)+H31/60+INT(I31)/3600) -> -19.822778 | R31: =-1*(RIGHT(L31,3)+M31/60+int(N31)/3600) -> -44.289167
A32: 5LN33 | B32: S19 07 33.90 | C32: W044 36 40.78 | D32: 31 | E32: =concatenate(RIGHT($G32,2),text($H32+$J32,"00.000"),LEFT($G32,1)) -> 1907.565S | F32: =concatenate(RIGHT($L32,3),text($M32+$O32,"00.000"),LEFT($L32,1)) -> 04436.680W | G32: =IFERROR(__xludf.DUMMYFUNCTION("SPLIT($B32,"" "")"),"S19") -> S19 | H32: =IFERROR(__xludf.DUMMYFUNCTION("""COMPUTED_VALUE"""),7.0) -> 7 | I32: =IFERROR(__xludf.DUMMYFUNCTION("""COMPUTED_VALUE"""),33.9) -> 33.9 | J32: =text(ROUND(I32/60,3),"0.000") -> 0.565 | L32: =IFERROR(__xludf.DUMMYFUNCTION("SPLIT($C32,"" "")"),"W044") -> W044 | M32: =IFERROR(__xludf.DUMMYFUNCTION("""COMPUTED_VALUE"""),36.0) -> 36 | N32: =IFERROR(__xludf.DUMMYFUNCTION("""COMPUTED_VALUE"""),40.78) -> 40.78 | O32: =text(round(N32/60,3),"0.000") -> 0.680 | Q32: =-1*(RIGHT(G32,2)+H32/60+INT(I32)/3600) -> -19.125833 | R32: =-1*(RIGHT(L32,3)+M32/60+int(N32)/3600) -> -44.611111
A33: 5LN34 | B33: S20 03 44.71 | C33: W043 39 25.32 | D33: 32 | E33: =concatenate(RIGHT($G33,2),text($H33+$J33,"00.000"),LEFT($G33,1)) -> 2003.745S | F33: =concatenate(RIGHT($L33,3),text($M33+$O33,"00.000"),LEFT($L33,1)) -> 04339.422W | G33: =IFERROR(__xludf.DUMMYFUNCTION("SPLIT($B33,"" "")"),"S20") -> S20 | H33: =IFERROR(__xludf.DUMMYFUNCTION("""COMPUTED_VALUE"""),3.0) -> 3 | I33: =IFERROR(__xludf.DUMMYFUNCTION("""COMPUTED_VALUE"""),44.71) -> 44.71 | J33: =text(ROUND(I33/60,3),"0.000") -> 0.745 | L33: =IFERROR(__xludf.DUMMYFUNCTION("SPLIT($C33,"" "")"),"W043") -> W043 | M33: =IFERROR(__xludf.DUMMYFUNCTION("""COMPUTED_VALUE"""),39.0) -> 39 | N33: =IFERROR(__xludf.DUMMYFUNCTION("""COMPUTED_VALUE"""),25.32) -> 25.32 | O33: =text(round(N33/60,3),"0.000") -> 0.422 | Q33: =-1*(RIGHT(G33,2)+H33/60+INT(I33)/3600) -> -20.062222 | R33: =-1*(RIGHT(L33,3)+M33/60+int(N33)/3600) -> -43.656944
A34: 5LN35 | B34: S19 26 07.83 | C34: W044 43 40.77 | D34: 33 | E34: =concatenate(RIGHT($G34,2),text($H34+$J34,"00.000"),LEFT($G34,1)) -> 1926.131S | F34: =concatenate(RIGHT($L34,3),text($M34+$O34,"00.000"),LEFT($L34,1)) -> 04443.680W | G34: =IFERROR(__xludf.DUMMYFUNCTION("SPLIT($B34,"" "")"),"S19") -> S19 | H34: =IFERROR(__xludf.DUMMYFUNCTION("""COMPUTED_VALUE"""),26.0) -> 26 | I34: =IFERROR(__xludf.DUMMYFUNCTION("""COMPUTED_VALUE"""),7.83) -> 7.83 | J34: =text(ROUND(I34/60,3),"0.000") -> 0.131 | L34: =IFERROR(__xludf.DUMMYFUNCTION("SPLIT($C34,"" "")"),"W044") -> W044 | M34: =IFERROR(__xludf.DUMMYFUNCTION("""COMPUTED_VALUE"""),43.0) -> 43 | N34: =IFERROR(__xludf.DUMMYFUNCTION("""COMPUTED_VALUE"""),40.77) -> 40.77 | O34: =text(round(N34/60,3),"0.000") -> 0.680 | Q34: =-1*(RIGHT(G34,2)+H34/60+INT(I34)/3600) -> -19.435278 | R34: =-1*(RIGHT(L34,3)+M34/60+int(N34)/3600) -> -44.727778
A35: 5LN36 | B35: S20 08 55.74 | C35: W043 37 02.86 | D35: 34 | E35: =concatenate(RIGHT($G35,2),text($H35+$J35,"00.000"),LEFT($G35,1)) -> 2008.929S | F35: =concatenate(RIGHT($L35,3),text($M35+$O35,"00.000"),LEFT($L35,1)) -> 04337.048W | G35: =IFERROR(__xludf.DUMMYFUNCTION("SPLIT($B35,"" "")"),"S20") -> S20 | H35: =IFERROR(__xludf.DUMMYFUNCTION("""COMPUTED_VALUE"""),8.0) -> 8 | I35: =IFERROR(__xludf.DUMMYFUNCTION("""COMPUTED_VALUE"""),55.74) -> 55.74 | J35: =text(ROUND(I35/60,3),"0.000") -> 0.929 | L35: =IFERROR(__xludf.DUMMYFUNCTION("SPLIT($C35,"" "")"),"W043") -> W043 | M35: =IFERROR(__xludf.DUMMYFUNCTION("""COMPUTED_VALUE"""),37.0) -> 37 | N35: =IFERROR(__xludf.DUMMYFUNCTION("""COMPUTED_VALUE"""),2.86) -> 2.86 | O35: =text(round(N35/60,3),"0.000") -> 0.048 | Q35: =-1*(RIGHT(G35,2)+H35/60+INT(I35)/3600) -> -20.148611 | R35: =-1*(RIGHT(L35,3)+M35/60+int(N35)/3600) -> -43.617222
A36: 5LN37 | B36: S18 55 22.21 | C36: W043 34 59.91 | D36: 35 | E36: =concatenate(RIGHT($G36,2),text($H36+$J36,"00.000"),LEFT($G36,1)) -> 1855.370S | F36: =concatenate(RIGHT($L36,3),text($M36+$O36,"00.000"),LEFT($L36,1)) -> 04334.999W | G36: =IFERROR(__xludf.DUMMYFUNCTION("SPLIT($B36,"" "")"),"S18") -> S18 | H36: =IFERROR(__xludf.DUMMYFUNCTION("""COMPUTED_VALUE"""),55.0) -> 55 | I36: =IFERROR(__xludf.DUMMYFUNCTION("""COMPUTED_VALUE"""),22.21) -> 22.21 | J36: =text(ROUND(I36/60,3),"0.000") -> 0.370 | L36: =IFERROR(__xludf.DUMMYFUNCTION("SPLIT($C36,"" "")"),"W043") -> W043 | M36: =IFERROR(__xludf.DUMMYFUNCTION("""COMPUTED_VALUE"""),34.0) -> 34 | N36: =IFERROR(__xludf.DUMMYFUNCTION("""COMPUTED_VALUE"""),59.91) -> 59.91 | O36: =text(round(N36/60,3),"0.000") -> 0.999 | Q36: =-1*(RIGHT(G36,2)+H36/60+INT(I36)/3600) -> -18.922778 | R36: =-1*(RIGHT(L36,3)+M36/60+int(N36)/3600) -> -43.583056
A37: 5LN38 | B37: S19 54 26.57 | C37: W044 08 33.09 | D37: 36 | E37: =concatenate(RIGHT($G37,2),text($H37+$J37,"00.000"),LEFT($G37,1)) -> 1954.443S | F37: =concatenate(RIGHT($L37,3),text($M37+$O37,"00.000"),LEFT($L37,1)) -> 04408.552W | G37: =IFERROR(__xludf.DUMMYFUNCTION("SPLIT($B37,"" "")"),"S19") -> S19 | H37: =IFERROR(__xludf.DUMMYFUNCTION("""COMPUTED_VALUE"""),54.0) -> 54 | I37: =IFERROR(__xludf.DUMMYFUNCTION("""COMPUTED_VALUE"""),26.57) -> 26.57 | J37: =text(ROUND(I37/60,3),"0.000") -> 0.443 | L37: =IFERROR(__xludf.DUMMYFUNCTION("SPLIT($C37,"" "")"),"W044") -> W044 | M37: =IFERROR(__xludf.DUMMYFUNCTION("""COMPUTED_VALUE"""),8.0) -> 8 | N37: =IFERROR(__xludf.DUMMYFUNCTION("""COMPUTED_VALUE"""),33.09) -> 33.09 | O37: =text(round(N37/60,3),"0.000") -> 0.552 | Q37: =-1*(RIGHT(G37,2)+H37/60+INT(I37)/3600) -> -19.907222 | R37: =-1*(RIGHT(L37,3)+M37/60+int(N37)/3600) -> -44.1425
A38: 5LN39 | B38: S19 48 49.65 | C38: W044 14 15.36 | D38: 37 | E38: =concatenate(RIGHT($G38,2),text($H38+$J38,"00.000"),LEFT($G38,1)) -> 1948.828S | F38: =concatenate(RIGHT($L38,3),text($M38+$O38,"00.000"),LEFT($L38,1)) -> 04414.256W | G38: =IFERROR(__xludf.DUMMYFUNCTION("SPLIT($B38,"" "")"),"S19") -> S19 | H38: =IFERROR(__xludf.DUMMYFUNCTION("""COMPUTED_VALUE"""),48.0) -> 48 | I38: =IFERROR(__xludf.DUMMYFUNCTION("""COMPUTED_VALUE"""),49.65) -> 49.65 | J38: =text(ROUND(I38/60,3),"0.000") -> 0.828 | L38: =IFERROR(__xludf.DUMMYFUNCTION("SPLIT($C38,"" "")"),"W044") -> W044 | M38: =IFERROR(__xludf.DUMMYFUNCTION("""COMPUTED_VALUE"""),14.0) -> 14 | N38: =IFERROR(__xludf.DUMMYFUNCTION("""COMPUTED_VALUE"""),15.36) -> 15.36 | O38: =text(round(N38/60,3),"0.000") -> 0.256 | Q38: =-1*(RIGHT(G38,2)+H38/60+INT(I38)/3600) -> -19.813611 | R38: =-1*(RIGHT(L38,3)+M38/60+int(N38)/3600) -> -44.2375
A39: 5LN40 | B39: S20 11 30.50 | C39: W044 33 19.61 | D39: 38 | E39: =concatenate(RIGHT($G39,2),text($H39+$J39,"00.000"),LEFT($G39,1)) -> 2011.508S | F39: =concatenate(RIGHT($L39,3),text($M39+$O39,"00.000"),LEFT($L39,1)) -> 04433.327W | G39: =IFERROR(__xludf.DUMMYFUNCTION("SPLIT($B39,"" "")"),"S20") -> S20 | H39: =IFERROR(__xludf.DUMMYFUNCTION("""COMPUTED_VALUE"""),11.0) -> 11 | I39: =IFERROR(__xludf.DUMMYFUNCTION("""COMPUTED_VALUE"""),30.5) -> 30.5 | J39: =text(ROUND(I39/60,3),"0.000") -> 0.508 | L39: =IFERROR(__xludf.DUMMYFUNCTION("SPLIT($C39,"" "")"),"W044") -> W044 | M39: =IFERROR(__xludf.DUMMYFUNCTION("""COMPUTED_VALUE"""),33.0) -> 33 | N39: =IFERROR(__xludf.DUMMYFUNCTION("""COMPUTED_VALUE"""),19.61) -> 19.61 | O39: =text(round(N39/60,3),"0.000") -> 0.327 | Q39: =-1*(RIGHT(G39,2)+H39/60+INT(I39)/3600) -> -20.191667 | R39: =-1*(RIGHT(L39,3)+M39/60+int(N39)/3600) -> -44.555278
A40: 5LN55 | B40: S20 01 27.10 | C40: W043 46 14.42 | D40: 39 | E40: =concatenate(RIGHT($G40,2),text($H40+$J40,"00.000"),LEFT($G40,1)) -> 2001.452S | F40: =concatenate(RIGHT($L40,3),text($M40+$O40,"00.000"),LEFT($L40,1)) -> 04346.240W | G40: =IFERROR(__xludf.DUMMYFUNCTION("SPLIT($B40,"" "")"),"S20") -> S20 | H40: =IFERROR(__xludf.DUMMYFUNCTION("""COMPUTED_VALUE"""),1.0) -> 1 | I40: =IFERROR(__xludf.DUMMYFUNCTION("""COMPUTED_VALUE"""),27.1) -> 27.1 | J40: =text(ROUND(I40/60,3),"0.000") -> 0.452 | L40: =IFERROR(__xludf.DUMMYFUNCTION("SPLIT($C40,"" "")"),"W043") -> W043 | M40: =IFERROR(__xludf.DUMMYFUNCTION("""COMPUTED_VALUE"""),46.0) -> 46 | N40: =IFERROR(__xludf.DUMMYFUNCTION("""COMPUTED_VALUE"""),14.42) -> 14.42 | O40: =text(round(N40/60,3),"0.000") -> 0.240 | Q40: =-1*(RIGHT(G40,2)+H40/60+INT(I40)/3600) -> -20.024167 | R40: =-1*(RIGHT(L40,3)+M40/60+int(N40)/3600) -> -43.770556
A41: 5LN56 | B41: S19 27 51.73 | C41: W042 41 41.46 | D41: 40 | E41: =concatenate(RIGHT($G41,2),text($H41+$J41,"00.000"),LEFT($G41,1)) -> 1927.862S | F41: =concatenate(RIGHT($L41,3),text($M41+$O41,"00.000"),LEFT($L41,1)) -> 04241.691W | G41: =IFERROR(__xludf.DUMMYFUNCTION("SPLIT($B41,"" "")"),"S19") -> S19 | H41: =IFERROR(__xludf.DUMMYFUNCTION("""COMPUTED_VALUE"""),27.0) -> 27 | I41: =IFERROR(__xludf.DUMMYFUNCTION("""COMPUTED_VALUE"""),51.73) -> 51.73 | J41: =text(ROUND(I41/60,3),"0.000") -> 0.862 | L41: =IFERROR(__xludf.DUMMYFUNCTION("SPLIT($C41,"" "")"),"W042") -> W042 | M41: =IFERROR(__xludf.DUMMYFUNCTION("""COMPUTED_VALUE"""),41.0) -> 41 | N41: =IFERROR(__xludf.DUMMYFUNCTION("""COMPUTED_VALUE"""),41.46) -> 41.46 | O41: =text(round(N41/60,3),"0.000") -> 0.691 | Q41: =-1*(RIGHT(G41,2)+H41/60+INT(I41)/3600) -> -19.464167 | R41: =-1*(RIGHT(L41,3)+M41/60+int(N41)/3600) -> -42.694722
A42: 5LN57 | B42: S19 57 39.90 | C42: W043 38 29.89 | D42: 41 | E42: =concatenate(RIGHT($G42,2),text($H42+$J42,"00.000"),LEFT($G42,1)) -> 1957.665S | F42: =concatenate(RIGHT($L42,3),text($M42+$O42,"00.000"),LEFT($L42,1)) -> 04338.498W | G42: =IFERROR(__xludf.DUMMYFUNCTION("SPLIT($B42,"" "")"),"S19") -> S19 | H42: =IFERROR(__xludf.DUMMYFUNCTION("""COMPUTED_VALUE"""),57.0) -> 57 | I42: =IFERROR(__xludf.DUMMYFUNCTION("""COMPUTED_VALUE"""),39.9) -> 39.9 | J42: =text(ROUND(I42/60,3),"0.000") -> 0.665 | L42: =IFERROR(__xludf.DUMMYFUNCTION("SPLIT($C42,"" "")"),"W043") -> W043 | M42: =IFERROR(__xludf.DUMMYFUNCTION("""COMPUTED_VALUE"""),38.0) -> 38 | N42: =IFERROR(__xludf.DUMMYFUNCTION("""COMPUTED_VALUE"""),29.89) -> 29.89 | O42: =text(round(N42/60,3),"0.000") -> 0.498 | Q42: =-1*(RIGHT(G42,2)+H42/60+INT(I42)/3600) -> -19.960833 | R42: =-1*(RIGHT(L42,3)+M42/60+int(N42)/3600) -> -43.641389
A43: 5LN62 | B43: S20 25 09.18 | C43: W043 57 02.25 | D43: 42 | E43: =concatenate(RIGHT($G43,2),text($H43+$J43,"00.000"),LEFT($G43,1)) -> 2025.153S | F43: =concatenate(RIGHT($L43,3),text($M43+$O43,"00.000"),LEFT($L43,1)) -> 04357.038W | G43: =IFERROR(__xludf.DUMMYFUNCTION("SPLIT($B43,"" "")"),"S20") -> S20 | H43: =IFERROR(__xludf.DUMMYFUNCTION("""COMPUTED_VALUE"""),25.0) -> 25 | I43: =IFERROR(__xludf.DUMMYFUNCTION("""COMPUTED_VALUE"""),9.18) -> 9.18 | J43: =text(ROUND(I43/60,3),"0.000") -> 0.153 | L43: =IFERROR(__xludf.DUMMYFUNCTION("SPLIT($C43,"" "")"),"W043") -> W043 | M43: =IFERROR(__xludf.DUMMYFUNCTION("""COMPUTED_VALUE"""),57.0) -> 57 | N43: =IFERROR(__xludf.DUMMYFUNCTION("""COMPUTED_VALUE"""),2.25) -> 2.25 | O43: =text(round(N43/60,3),"0.000") -> 0.038 | Q43: =-1*(RIGHT(G43,2)+H43/60+INT(I43)/3600) -> -20.419167 | R43: =-1*(RIGHT(L43,3)+M43/60+int(N43)/3600) -> -43.950556
A44: 5LN63 | B44: S19 16 47.02 | C44: W043 15 09.72 | D44: 43 | E44: =concatenate(RIGHT($G44,2),text($H44+$J44,"00.000"),LEFT($G44,1)) -> 1916.784S | F44: =concatenate(RIGHT($L44,3),text($M44+$O44,"00.000"),LEFT($L44,1)) -> 04315.162W | G44: =IFERROR(__xludf.DUMMYFUNCTION("SPLIT($B44,"" "")"),"S19") -> S19 | H44: =IFERROR(__xludf.DUMMYFUNCTION("""COMPUTED_VALUE"""),16.0) -> 16 | I44: =IFERROR(__xludf.DUMMYFUNCTION("""COMPUTED_VALUE"""),47.02) -> 47.02 | J44: =text(ROUND(I44/60,3),"0.000") -> 0.784 | L44: =IFERROR(__xludf.DUMMYFUNCTION("SPLIT($C44,"" "")"),"W043") -> W043 | M44: =IFERROR(__xludf.DUMMYFUNCTION("""COMPUTED_VALUE"""),15.0) -> 15 | N44: =IFERROR(__xludf.DUMMYFUNCTION("""COMPUTED_VALUE"""),9.72) -> 9.72 | O44: =text(round(N44/60,3),"0.000") -> 0.162 | Q44: =-1*(RIGHT(G44,2)+H44/60+INT(I44)/3600) -> -19.279722 | R44: =-1*(RIGHT(L44,3)+M44/60+int(N44)/3600) -> -43.2525
A45: 5LN64 | B45: S18 38 58.27 | C45: W044 54 41.42 | D45: 44 | E45: =concatenate(RIGHT($G45,2),text($H45+$J45,"00.000"),LEFT($G45,1)) -> 1838.971S | F45: =concatenate(RIGHT($L45,3),text($M45+$O45,"00.000"),LEFT($L45,1)) -> 04454.690W | G45: =IFERROR(__xludf.DUMMYFUNCTION("SPLIT($B45,"" "")"),"S18") -> S18 | H45: =IFERROR(__xludf.DUMMYFUNCTION("""COMPUTED_VALUE"""),38.0) -> 38 | I45: =IFERROR(__xludf.DUMMYFUNCTION("""COMPUTED_VALUE"""),58.27) -> 58.27 | J45: =text(ROUND(I45/60,3),"0.000") -> 0.971 | L45: =IFERROR(__xludf.DUMMYFUNCTION("SPLIT($C45,"" "")"),"W044") -> W044 | M45: =IFERROR(__xludf.DUMMYFUNCTION("""COMPUTED_VALUE"""),54.0) -> 54 | N45: =IFERROR(__xludf.DUMMYFUNCTION("""COMPUTED_VALUE"""),41.42) -> 41.42 | O45: =text(round(N45/60,3),"0.000") -> 0.690 | Q45: =-1*(RIGHT(G45,2)+H45/60+INT(I45)/3600) -> -18.649444 | R45: =-1*(RIGHT(L45,3)+M45/60+int(N45)/3600) -> -44.911389
A46: 5LNC2 | B46: S19 44 10.40 | C46: W044 13 36.38 | D46: 45 | E46: =concatenate(RIGHT($G46,2),text($H46+$J46,"00.000"),LEFT($G46,1)) -> 1944.173S | F46: =concatenate(RIGHT($L46,3),text($M46+$O46,"00.000"),LEFT($L46,1)) -> 04413.606W | G46: =IFERROR(__xludf.DUMMYFUNCTION("SPLIT($B46,"" "")"),"S19") -> S19 | H46: =IFERROR(__xludf.DUMMYFUNCTION("""COMPUTED_VALUE"""),44.0) -> 44 | I46: =IFERROR(__xludf.DUMMYFUNCTION("""COMPUTED_VALUE"""),10.4) -> 10.4 | J46: =text(ROUND(I46/60,3),"0.000") -> 0.173 | L46: =IFERROR(__xludf.DUMMYFUNCTION("SPLIT($C46,"" "")"),"W044") -> W044 | M46: =IFERROR(__xludf.DUMMYFUNCTION("""COMPUTED_VALUE"""),13.0) -> 13 | N46: =IFERROR(__xludf.DUMMYFUNCTION("""COMPUTED_VALUE"""),36.38) -> 36.38 | O46: =text(round(N46/60,3),"0.000") -> 0.606 | Q46: =-1*(RIGHT(G46,2)+H46/60+INT(I46)/3600) -> -19.736111 | R46: =-1*(RIGHT(L46,3)+M46/60+int(N46)/3600) -> -44.226667
A47: AKPUV | B47: S19 25 53.22 | C47: W044 00 53.13 | D47: 46 | E47: =concatenate(RIGHT($G47,2),text($H47+$J47,"00.000"),LEFT($G47,1)) -> 1925.887S | F47: =concatenate(RIGHT($L47,3),text($M47+$O47,"00.000"),LEFT($L47,1)) -> 04400.886W | G47: =IFERROR(__xludf.DUMMYFUNCTION("SPLIT($B47,"" "")"),"S19") -> S19 | H47: =IFERROR(__xludf.DUMMYFUNCTION("""COMPUTED_VALUE"""),25.0) -> 25 | I47: =IFERROR(__xludf.DUMMYFUNCTION("""COMPUTED_VALUE"""),53.22) -> 53.22 | J47: =text(ROUND(I47/60,3),"0.000") -> 0.887 | L47: =IFERROR(__xludf.DUMMYFUNCTION("SPLIT($C47,"" "")"),"W044") -> W044 | M47: =IFERROR(__xludf.DUMMYFUNCTION("""COMPUTED_VALUE"""),0.0) -> 0 | N47: =IFERROR(__xludf.DUMMYFUNCTION("""COMPUTED_VALUE"""),53.13) -> 53.13 | O47: =text(round(N47/60,3),"0.000") -> 0.886 | Q47: =-1*(RIGHT(G47,2)+H47/60+INT(I47)/3600) -> -19.431389 | R47: =-1*(RIGHT(L47,3)+M47/60+int(N47)/3600) -> -44.014722
A48: ANSEM | B48: S18 40 59.63 | C48: W043 13 40.10 | D48: 47 | E48: =concatenate(RIGHT($G48,2),text($H48+$J48,"00.000"),LEFT($G48,1)) -> 1840.994S | F48: =concatenate(RIGHT($L48,3),text($M48+$O48,"00.000"),LEFT($L48,1)) -> 04313.668W | G48: =IFERROR(__xludf.DUMMYFUNCTION("SPLIT($B48,"" "")"),"S18") -> S18 | H48: =IFERROR(__xludf.DUMMYFUNCTION("""COMPUTED_VALUE"""),40.0) -> 40 | I48: =IFERROR(__xludf.DUMMYFUNCTION("""COMPUTED_VALUE"""),59.63) -> 59.63 | J48: =text(ROUND(I48/60,3),"0.000") -> 0.994 | L48: =IFERROR(__xludf.DUMMYFUNCTION("SPLIT($C48,"" "")"),"W043") -> W043 | M48: =IFERROR(__xludf.DUMMYFUNCTION("""COMPUTED_VALUE"""),13.0) -> 13 | N48: =IFERROR(__xludf.DUMMYFUNCTION("""COMPUTED_VALUE"""),40.1) -> 40.1 | O48: =text(round(N48/60,3),"0.000") -> 0.668 | Q48: =-1*(RIGHT(G48,2)+H48/60+INT(I48)/3600) -> -18.683056 | R48: =-1*(RIGHT(L48,3)+M48/60+int(N48)/3600) -> -43.227778
A49: AROVA | B49: S21 13 25.39 | C49: W044 39 29.14 | D49: 48 | E49: =concatenate(RIGHT($G49,2),text($H49+$J49,"00.000"),LEFT($G49,1)) -> 2113.423S | F49: =concatenate(RIGHT($L49,3),text($M49+$O49,"00.000"),LEFT($L49,1)) -> 04439.486W | G49: =IFERROR(__xludf.DUMMYFUNCTION("SPLIT($B49,"" "")"),"S21") -> S21 | H49: =IFERROR(__xludf.DUMMYFUNCTION("""COMPUTED_VALUE"""),13.0) -> 13 | I49: =IFERROR(__xludf.DUMMYFUNCTION("""COMPUTED_VALUE"""),25.39) -> 25.39 | J49: =text(ROUND(I49/60,3),"0.000") -> 0.423 | L49: =IFERROR(__xludf.DUMMYFUNCTION("SPLIT($C49,"" "")"),"W044") -> W044 | M49: =IFERROR(__xludf.DUMMYFUNCTION("""COMPUTED_VALUE"""),39.0) -> 39 | N49: =IFERROR(__xludf.DUMMYFUNCTION("""COMPUTED_VALUE"""),29.14) -> 29.14 | O49: =text(round(N49/60,3),"0.000") -> 0.486 | Q49: =-1*(RIGHT(G49,2)+H49/60+INT(I49)/3600) -> -21.223611 | R49: =-1*(RIGHT(L49,3)+M49/60+int(N49)/3600) -> -44.658056
A50: BH012 | B50: S19 51 55.07 | C50: W043 54 34.68 | D50: 49 | E50: =concatenate(RIGHT($G50,2),text($H50+$J50,"00.000"),LEFT($G50,1)) -> 1951.918S | F50: =concatenate(RIGHT($L50,3),text($M50+$O50,"00.000"),LEFT($L50,1)) -> 04354.578W | G50: =IFERROR(__xludf.DUMMYFUNCTION("SPLIT($B50,"" "")"),"S19") -> S19 | H50: =IFERROR(__xludf.DUMMYFUNCTION("""COMPUTED_VALUE"""),51.0) -> 51 | I50: =IFERROR(__xludf.DUMMYFUNCTION("""COMPUTED_VALUE"""),55.07) -> 55.07 | J50: =text(ROUND(I50/60,3),"0.000") -> 0.918 | L50: =IFERROR(__xludf.DUMMYFUNCTION("SPLIT($C50,"" "")"),"W043") -> W043 | M50: =IFERROR(__xludf.DUMMYFUNCTION("""COMPUTED_VALUE"""),54.0) -> 54 | N50: =IFERROR(__xludf.DUMMYFUNCTION("""COMPUTED_VALUE"""),34.68) -> 34.68 | O50: =text(round(N50/60,3),"0.000") -> 0.578 | Q50: =-1*(RIGHT(G50,2)+H50/60+INT(I50)/3600) -> -19.865278 | R50: =-1*(RIGHT(L50,3)+M50/60+int(N50)/3600) -> -43.909444
A51: BH022 | B51: S19 53 41.67 | C51: W043 49 36.98 | D51: 50 | E51: =concatenate(RIGHT($G51,2),text($H51+$J51,"00.000"),LEFT($G51,1)) -> 1953.695S | F51: =concatenate(RIGHT($L51,3),text($M51+$O51,"00.000"),LEFT($L51,1)) -> 04349.616W | G51: =IFERROR(__xludf.DUMMYFUNCTION("SPLIT($B51,"" "")"),"S19") -> S19 | H51: =IFERROR(__xludf.DUMMYFUNCTION("""COMPUTED_VALUE"""),53.0) -> 53 | I51: =IFERROR(__xludf.DUMMYFUNCTION("""COMPUTED_VALUE"""),41.67) -> 41.67 | J51: =text(ROUND(I51/60,3),"0.000") -> 0.695 | L51: =IFERROR(__xludf.DUMMYFUNCTION("SPLIT($C51,"" "")"),"W043") -> W043 | M51: =IFERROR(__xludf.DUMMYFUNCTION("""COMPUTED_VALUE"""),49.0) -> 49 | N51: =IFERROR(__xludf.DUMMYFUNCTION("""COMPUTED_VALUE"""),36.98) -> 36.98 | O51: =text(round(N51/60,3),"0.000") -> 0.616 | Q51: =-1*(RIGHT(G51,2)+H51/60+INT(I51)/3600) -> -19.894722 | R51: =-1*(RIGHT(L51,3)+M51/60+int(N51)/3600) -> -43.826667
A52: BH029 | B52: S19 55 28.14 | C52: W043 44 39.16 | D52: 51 | E52: =concatenate(RIGHT($G52,2),text($H52+$J52,"00.000"),LEFT($G52,1)) -> 1955.469S | F52: =concatenate(RIGHT($L52,3),text($M52+$O52,"00.000"),LEFT($L52,1)) -> 04344.653W | G52: =IFERROR(__xludf.DUMMYFUNCTION("SPLIT($B52,"" "")"),"S19") -> S19 | H52: =IFERROR(__xludf.DUMMYFUNCTION("""COMPUTED_VALUE"""),55.0) -> 55 | I52: =IFERROR(__xludf.DUMMYFUNCTION("""COMPUTED_VALUE"""),28.14) -> 28.14 | J52: =text(ROUND(I52/60,3),"0.000") -> 0.469 | L52: =IFERROR(__xludf.DUMMYFUNCTION("SPLIT($C52,"" "")"),"W043") -> W043 | M52: =IFERROR(__xludf.DUMMYFUNCTION("""COMPUTED_VALUE"""),44.0) -> 44 | N52: =IFERROR(__xludf.DUMMYFUNCTION("""COMPUTED_VALUE"""),39.16) -> 39.16 | O52: =text(round(N52/60,3),"0.000") -> 0.653 | Q52: =-1*(RIGHT(G52,2)+H52/60+INT(I52)/3600) -> -19.924444 | R52: =-1*(RIGHT(L52,3)+M52/60+int(N52)/3600) -> -43.744167
A53: BH076 | B53: S20 29 48.04 | C53: W043 27 27.06 | D53: 52 | E53: =concatenate(RIGHT($G53,2),text($H53+$J53,"00.000"),LEFT($G53,1)) -> 2029.801S | F53: =concatenate(RIGHT($L53,3),text($M53+$O53,"00.000"),LEFT($L53,1)) -> 04327.451W | G53: =IFERROR(__xludf.DUMMYFUNCTION("SPLIT($B53,"" "")"),"S20") -> S20 | H53: =IFERROR(__xludf.DUMMYFUNCTION("""COMPUTED_VALUE"""),29.0) -> 29 | I53: =IFERROR(__xludf.DUMMYFUNCTION("""COMPUTED_VALUE"""),48.04) -> 48.04 | J53: =text(ROUND(I53/60,3),"0.000") -> 0.801 | L53: =IFERROR(__xludf.DUMMYFUNCTION("SPLIT($C53,"" "")"),"W043") -> W043 | M53: =IFERROR(__xludf.DUMMYFUNCTION("""COMPUTED_VALUE"""),27.0) -> 27 | N53: =IFERROR(__xludf.DUMMYFUNCTION("""COMPUTED_VALUE"""),27.06) -> 27.06 | O53: =text(round(N53/60,3),"0.000") -> 0.451 | Q53: =-1*(RIGHT(G53,2)+H53/60+INT(I53)/3600) -> -20.496667 | R53: =-1*(RIGHT(L53,3)+M53/60+int(N53)/3600) -> -43.4575
A54: BH077 | B54: S20 51 33.29 | C54: W043 17 22.92 | D54: 53 | E54: =concatenate(RIGHT($G54,2),text($H54+$J54,"00.000"),LEFT($G54,1)) -> 2051.555S | F54: =concatenate(RIGHT($L54,3),text($M54+$O54,"00.000"),LEFT($L54,1)) -> 04317.382W | G54: =IFERROR(__xludf.DUMMYFUNCTION("SPLIT($B54,"" "")"),"S20") -> S20 | H54: =IFERROR(__xludf.DUMMYFUNCTION("""COMPUTED_VALUE"""),51.0) -> 51 | I54: =IFERROR(__xludf.DUMMYFUNCTION("""COMPUTED_VALUE"""),33.29) -> 33.29 | J54: =text(ROUND(I54/60,3),"0.000") -> 0.555 | L54: =IFERROR(__xludf.DUMMYFUNCTION("SPLIT($C54,"" "")"),"W043") -> W043 | M54: =IFERROR(__xludf.DUMMYFUNCTION("""COMPUTED_VALUE"""),17.0) -> 17 | N54: =IFERROR(__xludf.DUMMYFUNCTION("""COMPUTED_VALUE"""),22.92) -> 22.92 | O54: =text(round(N54/60,3),"0.000") -> 0.382 | Q54: =-1*(RIGHT(G54,2)+H54/60+INT(I54)/3600) -> -20.859167 | R54: =-1*(RIGHT(L54,3)+M54/60+int(N54)/3600) -> -43.289444
A55: BH088 | B55: S19 53 48.27 | C55: W043 50 29.01 | D55: 54 | E55: =concatenate(RIGHT($G55,2),text($H55+$J55,"00.000"),LEFT($G55,1)) -> 1953.805S | F55: =concatenate(RIGHT($L55,3),text($M55+$O55,"00.000"),LEFT($L55,1)) -> 04350.484W | G55: =IFERROR(__xludf.DUMMYFUNCTION("SPLIT($B55,"" "")"),"S19") -> S19 | H55: =IFERROR(__xludf.DUMMYFUNCTION("""COMPUTED_VALUE"""),53.0) -> 53 | I55: =IFERROR(__xludf.DUMMYFUNCTION("""COMPUTED_VALUE"""),48.27) -> 48.27 | J55: =text(ROUND(I55/60,3),"0.000") -> 0.805 | L55: =IFERROR(__xludf.DUMMYFUNCTION("SPLIT($C55,"" "")"),"W043") -> W043 | M55: =IFERROR(__xludf.DUMMYFUNCTION("""COMPUTED_VALUE"""),50.0) -> 50 | N55: =IFERROR(__xludf.DUMMYFUNCTION("""COMPUTED_VALUE"""),29.01) -> 29.01 | O55: =text(round(N55/60,3),"0.000") -> 0.484 | Q55: =-1*(RIGHT(G55,2)+H55/60+INT(I55)/3600) -> -19.896667 | R55: =-1*(RIGHT(L55,3)+M55/60+int(N55)/3600) -> -43.841389
A56: BH089 | B56: S19 57 00.70 | C56: W043 36 30.21 | D56: 55 | E56: =concatenate(RIGHT($G56,2),text($H56+$J56,"00.000"),LEFT($G56,1)) -> 1957.012S | F56: =concatenate(RIGHT($L56,3),text($M56+$O56,"00.000"),LEFT($L56,1)) -> 04336.504W | G56: =IFERROR(__xludf.DUMMYFUNCTION("SPLIT($B56,"" "")"),"S19") -> S19 | H56: =IFERROR(__xludf.DUMMYFUNCTION("""COMPUTED_VALUE"""),57.0) -> 57 | I56: =IFERROR(__xludf.DUMMYFUNCTION("""COMPUTED_VALUE"""),0.7) -> 0.7 | J56: =text(ROUND(I56/60,3),"0.000") -> 0.012 | L56: =IFERROR(__xludf.DUMMYFUNCTION("SPLIT($C56,"" "")"),"W043") -> W043 | M56: =IFERROR(__xludf.DUMMYFUNCTION("""COMPUTED_VALUE"""),36.0) -> 36 | N56: =IFERROR(__xludf.DUMMYFUNCTION("""COMPUTED_VALUE"""),30.21) -> 30.21 | O56: =text(round(N56/60,3),"0.000") -> 0.504 | Q56: =-1*(RIGHT(G56,2)+H56/60+INT(I56)/3600) -> -19.95 | R56: =-1*(RIGHT(L56,3)+M56/60+int(N56)/3600) -> -43.608333
A57: BH091 | B57: S19 57 41.32 | C57: W043 23 25.42 | D57: 56 | E57: =concatenate(RIGHT($G57,2),text($H57+$J57,"00.000"),LEFT($G57,1)) -> 1957.689S | F57: =concatenate(RIGHT($L57,3),text($M57+$O57,"00.000"),LEFT($L57,1)) -> 04323.424W | G57: =IFERROR(__xludf.DUMMYFUNCTION("SPLIT($B57,"" "")"),"S19") -> S19 | H57: =IFERROR(__xludf.DUMMYFUNCTION("""COMPUTED_VALUE"""),57.0) -> 57 | I57: =IFERROR(__xludf.DUMMYFUNCTION("""COMPUTED_VALUE"""),41.32) -> 41.32 | J57: =text(ROUND(I57/60,3),"0.000") -> 0.689 | L57: =IFERROR(__xludf.DUMMYFUNCTION("SPLIT($C57,"" "")"),"W043") -> W043 | M57: =IFERROR(__xludf.DUMMYFUNCTION("""COMPUTED_VALUE"""),23.0) -> 23 | N57: =IFERROR(__xludf.DUMMYFUNCTION("""COMPUTED_VALUE"""),25.42) -> 25.42 | O57: =text(round(N57/60,3),"0.000") -> 0.424 | Q57: =-1*(RIGHT(G57,2)+H57/60+INT(I57)/3600) -> -19.961389 | R57: =-1*(RIGHT(L57,3)+M57/60+int(N57)/3600) -> -43.390278
A58: BH092 | B58: S20 04 01.06 | C58: W044 22 19.54 | D58: 57 | E58: =concatenate(RIGHT($G58,2),text($H58+$J58,"00.000"),LEFT($G58,1)) -> 2004.018S | F58: =concatenate(RIGHT($L58,3),text($M58+$O58,"00.000"),LEFT($L58,1)) -> 04422.326W | G58: =IFERROR(__xludf.DUMMYFUNCTION("SPLIT($B58,"" "")"),"S20") -> S20 | H58: =IFERROR(__xludf.DUMMYFUNCTION("""COMPUTED_VALUE"""),4.0) -> 4 | I58: =IFERROR(__xludf.DUMMYFUNCTION("""COMPUTED_VALUE"""),1.06) -> 1.06 | J58: =text(ROUND(I58/60,3),"0.000") -> 0.018 | L58: =IFERROR(__xludf.DUMMYFUNCTION("SPLIT($C58,"" "")"),"W044") -> W044 | M58: =IFERROR(__xludf.DUMMYFUNCTION("""COMPUTED_VALUE"""),22.0) -> 22 | N58: =IFERROR(__xludf.DUMMYFUNCTION("""COMPUTED_VALUE"""),19.54) -> 19.54 | O58: =text(round(N58/60,3),"0.000") -> 0.326 | Q58: =-1*(RIGHT(G58,2)+H58/60+INT(I58)/3600) -> -20.066944 | R58: =-1*(RIGHT(L58,3)+M58/60+int(N58)/3600) -> -44.371944
A59: BH093 | B59: S19 38 45.45 | C59: W043 23 35.74 | D59: 58 | E59: =concatenate(RIGHT($G59,2),text($H59+$J59,"00.000"),LEFT($G59,1)) -> 1938.758S | F59: =concatenate(RIGHT($L59,3),text($M59+$O59,"00.000"),LEFT($L59,1)) -> 04323.596W | G59: =IFERROR(__xludf.DUMMYFUNCTION("SPLIT($B59,"" "")"),"S19") -> S19 | H59: =IFERROR(__xludf.DUMMYFUNCTION("""COMPUTED_VALUE"""),38.0) -> 38 | I59: =IFERROR(__xludf.DUMMYFUNCTION("""COMPUTED_VALUE"""),45.45) -> 45.45 | J59: =text(ROUND(I59/60,3),"0.000") -> 0.758 | L59: =IFERROR(__xludf.DUMMYFUNCTION("SPLIT($C59,"" "")"),"W043") -> W043 | M59: =IFERROR(__xludf.DUMMYFUNCTION("""COMPUTED_VALUE"""),23.0) -> 23 | N59: =IFERROR(__xludf.DUMMYFUNCTION("""COMPUTED_VALUE"""),35.74) -> 35.74 | O59: =text(round(N59/60,3),"0.000") -> 0.596 | Q59: =-1*(RIGHT(G59,2)+H59/60+INT(I59)/3600) -> -19.645833 | R59: =-1*(RIGHT(L59,3)+M59/60+int(N59)/3600) -> -43.393056
A60: BH096 | B60: S19 23 39.49 | C60: W043 21 07.97 | D60: 59 | E60: =concatenate(RIGHT($G60,2),text($H60+$J60,"00.000"),LEFT($G60,1)) -> 1923.658S | F60: =concatenate(RIGHT($L60,3),text($M60+$O60,"00.000"),LEFT($L60,1)) -> 04321.133W | G60: =IFERROR(__xludf.DUMMYFUNCTION("SPLIT($B60,"" "")"),"S19") -> S19 | H60: =IFERROR(__xludf.DUMMYFUNCTION("""COMPUTED_VALUE"""),23.0) -> 23 | I60: =IFERROR(__xludf.DUMMYFUNCTION("""COMPUTED_VALUE"""),39.49) -> 39.49 | J60: =text(ROUND(I60/60,3),"0.000") -> 0.658 | L60: =IFERROR(__xludf.DUMMYFUNCTION("SPLIT($C60,"" "")"),"W043") -> W043 | M60: =IFERROR(__xludf.DUMMYFUNCTION("""COMPUTED_VALUE"""),21.0) -> 21 | N60: =IFERROR(__xludf.DUMMYFUNCTION("""COMPUTED_VALUE"""),7.97) -> 7.97 | O60: =text(round(N60/60,3),"0.000") -> 0.133 | Q60: =-1*(RIGHT(G60,2)+H60/60+INT(I60)/3600) -> -19.394167 | R60: =-1*(RIGHT(L60,3)+M60/60+int(N60)/3600) -> -43.351944
A61: BH097 | B61: S19 43 24.75 | C61: W043 33 35.34 | D61: 60 | E61: =concatenate(RIGHT($G61,2),text($H61+$J61,"00.000"),LEFT($G61,1)) -> 1943.413S | F61: =concatenate(RIGHT($L61,3),text($M61+$O61,"00.000"),LEFT($L61,1)) -> 04333.589W | G61: =IFERROR(__xludf.DUMMYFUNCTION("SPLIT($B61,"" "")"),"S19") -> S19 | H61: =IFERROR(__xludf.DUMMYFUNCTION("""COMPUTED_VALUE"""),43.0) -> 43 | I61: =IFERROR(__xludf.DUMMYFUNCTION("""COMPUTED_VALUE"""),24.75) -> 24.75 | J61: =text(ROUND(I61/60,3),"0.000") -> 0.413 | L61: =IFERROR(__xludf.DUMMYFUNCTION("SPLIT($C61,"" "")"),"W043") -> W043 | M61: =IFERROR(__xludf.DUMMYFUNCTION("""COMPUTED_VALUE"""),33.0) -> 33 | N61: =IFERROR(__xludf.DUMMYFUNCTION("""COMPUTED_VALUE"""),35.34) -> 35.34 | O61: =text(round(N61/60,3),"0.000") -> 0.589 | Q61: =-1*(RIGHT(G61,2)+H61/60+INT(I61)/3600) -> -19.723333 | R61: =-1*(RIGHT(L61,3)+M61/60+int(N61)/3600) -> -43.559722
A62: BH098 | B62: S19 34 18.95 | C62: W043 22 52.30 | D62: 61 | E62: =concatenate(RIGHT($G62,2),text($H62+$J62,"00.000"),LEFT($G62,1)) -> 1934.316S | F62: =concatenate(RIGHT($L62,3),text($M62+$O62,"00.000"),LEFT($L62,1)) -> 04322.872W | G62: =IFERROR(__xludf.DUMMYFUNCTION("SPLIT($B62,"" "")"),"S19") -> S19 | H62: =IFERROR(__xludf.DUMMYFUNCTION("""COMPUTED_VALUE"""),34.0) -> 34 | I62: =IFERROR(__xludf.DUMMYFUNCTION("""COMPUTED_VALUE"""),18.95) -> 18.95 | J62: =text(ROUND(I62/60,3),"0.000") -> 0.316 | L62: =IFERROR(__xludf.DUMMYFUNCTION("SPLIT($C62,"" "")"),"W043") -> W043 | M62: =IFERROR(__xludf.DUMMYFUNCTION("""COMPUTED_VALUE"""),22.0) -> 22 | N62: =IFERROR(__xludf.DUMMYFUNCTION("""COMPUTED_VALUE"""),52.3) -> 52.3 | O62: =text(round(N62/60,3),"0.000") -> 0.872 | Q62: =-1*(RIGHT(G62,2)+H62/60+INT(I62)/3600) -> -19.571667 | R62: =-1*(RIGHT(L62,3)+M62/60+int(N62)/3600) -> -43.381111
A63: BH103 | B63: S18 52 16.55 | C63: W044 07 18.18 | D63: 62 | E63: =concatenate(RIGHT($G63,2),text($H63+$J63,"00.000"),LEFT($G63,1)) -> 1852.276S | F63: =concatenate(RIGHT($L63,3),text($M63+$O63,"00.000"),LEFT($L63,1)) -> 04407.303W | G63: =IFERROR(__xludf.DUMMYFUNCTION("SPLIT($B63,"" "")"),"S18") -> S18 | H63: =IFERROR(__xludf.DUMMYFUNCTION("""COMPUTED_VALUE"""),52.0) -> 52 | I63: =IFERROR(__xludf.DUMMYFUNCTION("""COMPUTED_VALUE"""),16.55) -> 16.55 | J63: =text(ROUND(I63/60,3),"0.000") -> 0.276 | L63: =IFERROR(__xludf.DUMMYFUNCTION("SPLIT($C63,"" "")"),"W044") -> W044 | M63: =IFERROR(__xludf.DUMMYFUNCTION("""COMPUTED_VALUE"""),7.0) -> 7 | N63: =IFERROR(__xludf.DUMMYFUNCTION("""COMPUTED_VALUE"""),18.18) -> 18.18 | O63: =text(round(N63/60,3),"0.000") -> 0.303 | Q63: =-1*(RIGHT(G63,2)+H63/60+INT(I63)/3600) -> -18.871111 | R63: =-1*(RIGHT(L63,3)+M63/60+int(N63)/3600) -> -44.121667
A64: BH106 | B64: S20 07 48.63 | C64: W043 54 29.04 | D64: 63 | E64: =concatenate(RIGHT($G64,2),text($H64+$J64,"00.000"),LEFT($G64,1)) -> 2007.811S | F64: =concatenate(RIGHT($L64,3),text($M64+$O64,"00.000"),LEFT($L64,1)) -> 04354.484W | G64: =IFERROR(__xludf.DUMMYFUNCTION("SPLIT($B64,"" "")"),"S20") -> S20 | H64: =IFERROR(__xludf.DUMMYFUNCTION("""COMPUTED_VALUE"""),7.0) -> 7 | I64: =IFERROR(__xludf.DUMMYFUNCTION("""COMPUTED_VALUE"""),48.63) -> 48.63 | J64: =text(ROUND(I64/60,3),"0.000") -> 0.811 | L64: =IFERROR(__xludf.DUMMYFUNCTION("SPLIT($C64,"" "")"),"W043") -> W043 | M64: =IFERROR(__xludf.DUMMYFUNCTION("""COMPUTED_VALUE"""),54.0) -> 54 | N64: =IFERROR(__xludf.DUMMYFUNCTION("""COMPUTED_VALUE"""),29.04) -> 29.04 | O64: =text(round(N64/60,3),"0.000") -> 0.484 | Q64: =-1*(RIGHT(G64,2)+H64/60+INT(I64)/3600) -> -20.13 | R64: =-1*(RIGHT(L64,3)+M64/60+int(N64)/3600) -> -43.908056
A65: BH107 | B65: S20 04 08.30 | C65: W044 05 24.31 | D65: 64 | E65: =concatenate(RIGHT($G65,2),text($H65+$J65,"00.000"),LEFT($G65,1)) -> 2004.138S | F65: =concatenate(RIGHT($L65,3),text($M65+$O65,"00.000"),LEFT($L65,1)) -> 04405.405W | G65: =IFERROR(__xludf.DUMMYFUNCTION("SPLIT($B65,"" "")"),"S20") -> S20 | H65: =IFERROR(__xludf.DUMMYFUNCTION("""COMPUTED_VALUE"""),4.0) -> 4 | I65: =IFERROR(__xludf.DUMMYFUNCTION("""COMPUTED_VALUE"""),8.3) -> 8.3 | J65: =text(ROUND(I65/60,3),"0.000") -> 0.138 | L65: =IFERROR(__xludf.DUMMYFUNCTION("SPLIT($C65,"" "")"),"W044") -> W044 | M65: =IFERROR(__xludf.DUMMYFUNCTION("""COMPUTED_VALUE"""),5.0) -> 5 | N65: =IFERROR(__xludf.DUMMYFUNCTION("""COMPUTED_VALUE"""),24.31) -> 24.31 | O65: =text(round(N65/60,3),"0.000") -> 0.405 | Q65: =-1*(RIGHT(G65,2)+H65/60+INT(I65)/3600) -> -20.068889 | R65: =-1*(RIGHT(L65,3)+M65/60+int(N65)/3600) -> -44.09
A66: BH108 | B66: S19 36 15.75 | C66: W043 39 26.74 | D66: 65 | E66: =concatenate(RIGHT($G66,2),text($H66+$J66,"00.000"),LEFT($G66,1)) -> 1936.263S | F66: =concatenate(RIGHT($L66,3),text($M66+$O66,"00.000"),LEFT($L66,1)) -> 04339.446W | G66: =IFERROR(__xludf.DUMMYFUNCTION("SPLIT($B66,"" "")"),"S19") -> S19 | H66: =IFERROR(__xludf.DUMMYFUNCTION("""COMPUTED_VALUE"""),36.0) -> 36 | I66: =IFERROR(__xludf.DUMMYFUNCTION("""COMPUTED_VALUE"""),15.75) -> 15.75 | J66: =text(ROUND(I66/60,3),"0.000") -> 0.263 | L66: =IFERROR(__xludf.DUMMYFUNCTION("SPLIT($C66,"" "")"),"W043") -> W043 | M66: =IFERROR(__xludf.DUMMYFUNCTION("""COMPUTED_VALUE"""),39.0) -> 39 | N66: =IFERROR(__xludf.DUMMYFUNCTION("""COMPUTED_VALUE"""),26.74) -> 26.74 | O66: =text(round(N66/60,3),"0.000") -> 0.446 | Q66: =-1*(RIGHT(G66,2)+H66/60+INT(I66)/3600) -> -19.604167 | R66: =-1*(RIGHT(L66,3)+M66/60+int(N66)/3600) -> -43.657222
A67: BH109 | B67: S19 49 23.57 | C67: W044 01 35.09 | D67: 66 | E67: =concatenate(RIGHT($G67,2),text($H67+$J67,"00.000"),LEFT($G67,1)) -> 1949.393S | F67: =concatenate(RIGHT($L67,3),text($M67+$O67,"00.000"),LEFT($L67,1)) -> 04401.585W | G67: =IFERROR(__xludf.DUMMYFUNCTION("SPLIT($B67,"" "")"),"S19") -> S19 | H67: =IFERROR(__xludf.DUMMYFUNCTION("""COMPUTED_VALUE"""),49.0) -> 49 | I67: =IFERROR(__xludf.DUMMYFUNCTION("""COMPUTED_VALUE"""),23.57) -> 23.57 | J67: =text(ROUND(I67/60,3),"0.000") -> 0.393 | L67: =IFERROR(__xludf.DUMMYFUNCTION("SPLIT($C67,"" "")"),"W044") -> W044 | M67: =IFERROR(__xludf.DUMMYFUNCTION("""COMPUTED_VALUE"""),1.0) -> 1 | N67: =IFERROR(__xludf.DUMMYFUNCTION("""COMPUTED_VALUE"""),35.09) -> 35.09 | O67: =text(round(N67/60,3),"0.000") -> 0.585 | Q67: =-1*(RIGHT(G67,2)+H67/60+INT(I67)/3600) -> -19.823056 | R67: =-1*(RIGHT(L67,3)+M67/60+int(N67)/3600) -> -44.026389
A68: BH111 | B68: S19 50 01.61 | C68: W044 06 50.40 | D68: 67 | E68: =concatenate(RIGHT($G68,2),text($H68+$J68,"00.000"),LEFT($G68,1)) -> 1950.027S | F68: =concatenate(RIGHT($L68,3),text($M68+$O68,"00.000"),LEFT($L68,1)) -> 04406.840W | G68: =IFERROR(__xludf.DUMMYFUNCTION("SPLIT($B68,"" "")"),"S19") -> S19 | H68: =IFERROR(__xludf.DUMMYFUNCTION("""COMPUTED_VALUE"""),50.0) -> 50 | I68: =IFERROR(__xludf.DUMMYFUNCTION("""COMPUTED_VALUE"""),1.61) -> 1.61 | J68: =text(ROUND(I68/60,3),"0.000") -> 0.027 | L68: =IFERROR(__xludf.DUMMYFUNCTION("SPLIT($C68,"" "")"),"W044") -> W044 | M68: =IFERROR(__xludf.DUMMYFUNCTION("""COMPUTED_VALUE"""),6.0) -> 6 | N68: =IFERROR(__xludf.DUMMYFUNCTION("""COMPUTED_VALUE"""),50.4) -> 50.4 | O68: =text(round(N68/60,3),"0.000") -> 0.840 | Q68: =-1*(RIGHT(G68,2)+H68/60+INT(I68)/3600) -> -19.833611 | R68: =-1*(RIGHT(L68,3)+M68/60+int(N68)/3600) -> -44.113889
A69: BH112 | B69: S19 50 45.05 | C69: W044 12 29.21 | D69: 68 | E69: =concatenate(RIGHT($G69,2),text($H69+$J69,"00.000"),LEFT($G69,1)) -> 1950.751S | F69: =concatenate(RIGHT($L69,3),text($M69+$O69,"00.000"),LEFT($L69,1)) -> 04412.487W | G69: =IFERROR(__xludf.DUMMYFUNCTION("SPLIT($B69,"" "")"),"S19") -> S19 | H69: =IFERROR(__xludf.DUMMYFUNCTION("""COMPUTED_VALUE"""),50.0) -> 50 | I69: =IFERROR(__xludf.DUMMYFUNCTION("""COMPUTED_VALUE"""),45.05) -> 45.05 | J69: =text(ROUND(I69/60,3),"0.000") -> 0.751 | L69: =IFERROR(__xludf.DUMMYFUNCTION("SPLIT($C69,"" "")"),"W044") -> W044 | M69: =IFERROR(__xludf.DUMMYFUNCTION("""COMPUTED_VALUE"""),12.0) -> 12 | N69: =IFERROR(__xludf.DUMMYFUNCTION("""COMPUTED_VALUE"""),29.21) -> 29.21 | O69: =text(round(N69/60,3),"0.000") -> 0.487 | Q69: =-1*(RIGHT(G69,2)+H69/60+INT(I69)/3600) -> -19.845833 | R69: =-1*(RIGHT(L69,3)+M69/60+int(N69)/3600) -> -44.208056
A70: BH113 | B70: S19 31 09.04 | C70: W044 27 19.38 | D70: 69 | E70: =concatenate(RIGHT($G70,2),text($H70+$J70,"00.000"),LEFT($G70,1)) -> 1931.151S | F70: =concatenate(RIGHT($L70,3),text($M70+$O70,"00.000"),LEFT($L70,1)) -> 04427.323W | G70: =IFERROR(__xludf.DUMMYFUNCTION("SPLIT($B70,"" "")"),"S19") -> S19 | H70: =IFERROR(__xludf.DUMMYFUNCTION("""COMPUTED_VALUE"""),31.0) -> 31 | I70: =IFERROR(__xludf.DUMMYFUNCTION("""COMPUTED_VALUE"""),9.04) -> 9.04 | J70: =text(ROUND(I70/60,3),"0.000") -> 0.151 | L70: =IFERROR(__xludf.DUMMYFUNCTION("SPLIT($C70,"" "")"),"W044") -> W044 | M70: =IFERROR(__xludf.DUMMYFUNCTION("""COMPUTED_VALUE"""),27.0) -> 27 | N70: =IFERROR(__xludf.DUMMYFUNCTION("""COMPUTED_VALUE"""),19.38) -> 19.38 | O70: =text(round(N70/60,3),"0.000") -> 0.323 | Q70: =-1*(RIGHT(G70,2)+H70/60+INT(I70)/3600) -> -19.519167 | R70: =-1*(RIGHT(L70,3)+M70/60+int(N70)/3600) -> -44.455278
A71: BH114 | B71: S19 20 33.67 | C71: W044 30 39.61 | D71: 70 | E71: =concatenate(RIGHT($G71,2),text($H71+$J71,"00.000"),LEFT($G71,1)) -> 1920.561S | F71: =concatenate(RIGHT($L71,3),text($M71+$O71,"00.000"),LEFT($L71,1)) -> 04430.660W | G71: =IFERROR(__xludf.DUMMYFUNCTION("SPLIT($B71,"" "")"),"S19") -> S19 | H71: =IFERROR(__xludf.DUMMYFUNCTION("""COMPUTED_VALUE"""),20.0) -> 20 | I71: =IFERROR(__xludf.DUMMYFUNCTION("""COMPUTED_VALUE"""),33.67) -> 33.67 | J71: =text(ROUND(I71/60,3),"0.000") -> 0.561 | L71: =IFERROR(__xludf.DUMMYFUNCTION("SPLIT($C71,"" "")"),"W044") -> W044 | M71: =IFERROR(__xludf.DUMMYFUNCTION("""COMPUTED_VALUE"""),30.0) -> 30 | N71: =IFERROR(__xludf.DUMMYFUNCTION("""COMPUTED_VALUE"""),39.61) -> 39.61 | O71: =text(round(N71/60,3),"0.000") -> 0.660 | Q71: =-1*(RIGHT(G71,2)+H71/60+INT(I71)/3600) -> -19.3425 | R71: =-1*(RIGHT(L71,3)+M71/60+int(N71)/3600) -> -44.510833
A72: BH116 | B72: S19 09 27.17 | C72: W044 23 52.85 | D72: 71 | E72: =concatenate(RIGHT($G72,2),text($H72+$J72,"00.000"),LEFT($G72,1)) -> 1909.453S | F72: =concatenate(RIGHT($L72,3),text($M72+$O72,"00.000"),LEFT($L72,1)) -> 04423.881W | G72: =IFERROR(__xludf.DUMMYFUNCTION("SPLIT($B72,"" "")"),"S19") -> S19 | H72: =IFERROR(__xludf.DUMMYFUNCTION("""COMPUTED_VALUE"""),9.0) -> 9 | I72: =IFERROR(__xludf.DUMMYFUNCTION("""COMPUTED_VALUE"""),27.17) -> 27.17 | J72: =text(ROUND(I72/60,3),"0.000") -> 0.453 | L72: =IFERROR(__xludf.DUMMYFUNCTION("SPLIT($C72,"" "")"),"W044") -> W044 | M72: =IFERROR(__xludf.DUMMYFUNCTION("""COMPUTED_VALUE"""),23.0) -> 23 | N72: =IFERROR(__xludf.DUMMYFUNCTION("""COMPUTED_VALUE"""),52.85) -> 52.85 | O72: =text(round(N72/60,3),"0.000") -> 0.881 | Q72: =-1*(RIGHT(G72,2)+H72/60+INT(I72)/3600) -> -19.1575 | R72: =-1*(RIGHT(L72,3)+M72/60+int(N72)/3600) -> -44.397778
A73: BH118 | B73: S19 52 17.03 | C73: W044 24 30.84 | D73: 72 | E73: =concatenate(RIGHT($G73,2),text($H73+$J73,"00.000"),LEFT($G73,1)) -> 1952.284S | F73: =concatenate(RIGHT($L73,3),text($M73+$O73,"00.000"),LEFT($L73,1)) -> 04424.514W | G73: =IFERROR(__xludf.DUMMYFUNCTION("SPLIT($B73,"" "")"),"S19") -> S19 | H73: =IFERROR(__xludf.DUMMYFUNCTION("""COMPUTED_VALUE"""),52.0) -> 52 | I73: =IFERROR(__xludf.DUMMYFUNCTION("""COMPUTED_VALUE"""),17.03) -> 17.03 | J73: =text(ROUND(I73/60,3),"0.000") -> 0.284 | L73: =IFERROR(__xludf.DUMMYFUNCTION("SPLIT($C73,"" "")"),"W044") -> W044 | M73: =IFERROR(__xludf.DUMMYFUNCTION("""COMPUTED_VALUE"""),24.0) -> 24 | N73: =IFERROR(__xludf.DUMMYFUNCTION("""COMPUTED_VALUE"""),30.84) -> 30.84 | O73: =text(round(N73/60,3),"0.000") -> 0.514 | Q73: =-1*(RIGHT(G73,2)+H73/60+INT(I73)/3600) -> -19.871389 | R73: =-1*(RIGHT(L73,3)+M73/60+int(N73)/3600) -> -44.408333
A74: BH119 | B74: S19 47 11.36 | C74: W044 33 29.32 | D74: 73 | E74: =concatenate(RIGHT($G74,2),text($H74+$J74,"00.000"),LEFT($G74,1)) -> 1947.189S | F74: =concatenate(RIGHT($L74,3),text($M74+$O74,"00.000"),LEFT($L74,1)) -> 04433.489W | G74: =IFERROR(__xludf.DUMMYFUNCTION("SPLIT($B74,"" "")"),"S19") -> S19 | H74: =IFERROR(__xludf.DUMMYFUNCTION("""COMPUTED_VALUE"""),47.0) -> 47 | I74: =IFERROR(__xludf.DUMMYFUNCTION("""COMPUTED_VALUE"""),11.36) -> 11.36 | J74: =text(ROUND(I74/60,3),"0.000") -> 0.189 | L74: =IFERROR(__xludf.DUMMYFUNCTION("SPLIT($C74,"" "")"),"W044") -> W044 | M74: =IFERROR(__xludf.DUMMYFUNCTION("""COMPUTED_VALUE"""),33.0) -> 33 | N74: =IFERROR(__xludf.DUMMYFUNCTION("""COMPUTED_VALUE"""),29.32) -> 29.32 | O74: =text(round(N74/60,3),"0.000") -> 0.489 | Q74: =-1*(RIGHT(G74,2)+H74/60+INT(I74)/3600) -> -19.786389 | R74: =-1*(RIGHT(L74,3)+M74/60+int(N74)/3600) -> -44.558056
A75: BH121 | B75: S19 52 22.51 | C75: W044 10 15.53 | D75: 74 | E75: =concatenate(RIGHT($G75,2),text($H75+$J75,"00.000"),LEFT($G75,1)) -> 1952.375S | F75: =concatenate(RIGHT($L75,3),text($M75+$O75,"00.000"),LEFT($L75,1)) -> 04410.259W | G75: =IFERROR(__xludf.DUMMYFUNCTION("SPLIT($B75,"" "")"),"S19") -> S19 | H75: =IFERROR(__xludf.DUMMYFUNCTION("""COMPUTED_VALUE"""),52.0) -> 52 | I75: =IFERROR(__xludf.DUMMYFUNCTION("""COMPUTED_VALUE"""),22.51) -> 22.51 | J75: =text(ROUND(I75/60,3),"0.000") -> 0.375 | L75: =IFERROR(__xludf.DUMMYFUNCTION("SPLIT($C75,"" "")"),"W044") -> W044 | M75: =IFERROR(__xludf.DUMMYFUNCTION("""COMPUTED_VALUE"""),10.0) -> 10 | N75: =IFERROR(__xludf.DUMMYFUNCTION("""COMPUTED_VALUE"""),15.53) -> 15.53 | O75: =text(round(N75/60,3),"0.000") -> 0.259 | Q75: =-1*(RIGHT(G75,2)+H75/60+INT(I75)/3600) -> -19.872778 | R75: =-1*(RIGHT(L75,3)+M75/60+int(N75)/3600) -> -44.170833
A76: BH124 | B76: S20 08 58.21 | C76: W044 06 42.09 | D76: 75 | E76: =concatenate(RIGHT($G76,2),text($H76+$J76,"00.000"),LEFT($G76,1)) -> 2008.970S | F76: =concatenate(RIGHT($L76,3),text($M76+$O76,"00.000"),LEFT($L76,1)) -> 04406.702W | G76: =IFERROR(__xludf.DUMMYFUNCTION("SPLIT($B76,"" "")"),"S20") -> S20 | H76: =IFERROR(__xludf.DUMMYFUNCTION("""COMPUTED_VALUE"""),8.0) -> 8 | I76: =IFERROR(__xludf.DUMMYFUNCTION("""COMPUTED_VALUE"""),58.21) -> 58.21 | J76: =text(ROUND(I76/60,3),"0.000") -> 0.970 | L76: =IFERROR(__xludf.DUMMYFUNCTION("SPLIT($C76,"" "")"),"W044") -> W044 | M76: =IFERROR(__xludf.DUMMYFUNCTION("""COMPUTED_VALUE"""),6.0) -> 6 | N76: =IFERROR(__xludf.DUMMYFUNCTION("""COMPUTED_VALUE"""),42.09) -> 42.09 | O76: =text(round(N76/60,3),"0.000") -> 0.702 | Q76: =-1*(RIGHT(G76,2)+H76/60+INT(I76)/3600) -> -20.149444 | R76: =-1*(RIGHT(L76,3)+M76/60+int(N76)/3600) -> -44.111667
A77: BH126 | B77: S20 15 03.55 | C77: W043 28 44.18 | D77: 76 | E77: =concatenate(RIGHT($G77,2),text($H77+$J77,"00.000"),LEFT($G77,1)) -> 2015.059S | F77: =concatenate(RIGHT($L77,3),text($M77+$O77,"00.000"),LEFT($L77,1)) -> 04328.736W | G77: =IFERROR(__xludf.DUMMYFUNCTION("SPLIT($B77,"" "")"),"S20") -> S20 | H77: =IFERROR(__xludf.DUMMYFUNCTION("""COMPUTED_VALUE"""),15.0) -> 15 | I77: =IFERROR(__xludf.DUMMYFUNCTION("""COMPUTED_VALUE"""),3.55) -> 3.55 | J77: =text(ROUND(I77/60,3),"0.000") -> 0.059 | L77: =IFERROR(__xludf.DUMMYFUNCTION("SPLIT($C77,"" "")"),"W043") -> W043 | M77: =IFERROR(__xludf.DUMMYFUNCTION("""COMPUTED_VALUE"""),28.0) -> 28 | N77: =IFERROR(__xludf.DUMMYFUNCTION("""COMPUTED_VALUE"""),44.18) -> 44.18 | O77: =text(round(N77/60,3),"0.000") -> 0.736 | Q77: =-1*(RIGHT(G77,2)+H77/60+INT(I77)/3600) -> -20.250833 | R77: =-1*(RIGHT(L77,3)+M77/60+int(N77)/3600) -> -43.478889
A78: BH127 | B78: S20 13 09.52 | C78: W043 21 21.56 | D78: 77 | E78: =concatenate(RIGHT($G78,2),text($H78+$J78,"00.000"),LEFT($G78,1)) -> 2013.159S | F78: =concatenate(RIGHT($L78,3),text($M78+$O78,"00.000"),LEFT($L78,1)) -> 04321.359W | G78: =IFERROR(__xludf.DUMMYFUNCTION("SPLIT($B78,"" "")"),"S20") -> S20 | H78: =IFERROR(__xludf.DUMMYFUNCTION("""COMPUTED_VALUE"""),13.0) -> 13 | I78: =IFERROR(__xludf.DUMMYFUNCTION("""COMPUTED_VALUE"""),9.52) -> 9.52 | J78: =text(ROUND(I78/60,3),"0.000") -> 0.159 | L78: =IFERROR(__xludf.DUMMYFUNCTION("SPLIT($C78,"" "")"),"W043") -> W043 | M78: =IFERROR(__xludf.DUMMYFUNCTION("""COMPUTED_VALUE"""),21.0) -> 21 | N78: =IFERROR(__xludf.DUMMYFUNCTION("""COMPUTED_VALUE"""),21.56) -> 21.56 | O78: =text(round(N78/60,3),"0.000") -> 0.359 | Q78: =-1*(RIGHT(G78,2)+H78/60+INT(I78)/3600) -> -20.219167 | R78: =-1*(RIGHT(L78,3)+M78/60+int(N78)/3600) -> -43.355833
A79: BH128 | B79: S19 57 16.17 | C79: W043 15 57.22 | D79: 78 | E79: =concatenate(RIGHT($G79,2),text($H79+$J79,"00.000"),LEFT($G79,1)) -> 1957.270S | F79: =concatenate(RIGHT($L79,3),text($M79+$O79,"00.000"),LEFT($L79,1)) -> 04315.954W | G79: =IFERROR(__xludf.DUMMYFUNCTION("SPLIT($B79,"" "")"),"S19") -> S19 | H79: =IFERROR(__xludf.DUMMYFUNCTION("""COMPUTED_VALUE"""),57.0) -> 57 | I79: =IFERROR(__xludf.DUMMYFUNCTION("""COMPUTED_VALUE"""),16.17) -> 16.17 | J79: =text(ROUND(I79/60,3),"0.000") -> 0.270 | L79: =IFERROR(__xludf.DUMMYFUNCTION("SPLIT($C79,"" "")"),"W043") -> W043 | M79: =IFERROR(__xludf.DUMMYFUNCTION("""COMPUTED_VALUE"""),15.0) -> 15 | N79: =IFERROR(__xludf.DUMMYFUNCTION("""COMPUTED_VALUE"""),57.22) -> 57.22 | O79: =text(round(N79/60,3),"0.000") -> 0.954 | Q79: =-1*(RIGHT(G79,2)+H79/60+INT(I79)/3600) -> -19.954444 | R79: =-1*(RIGHT(L79,3)+M79/60+int(N79)/3600) -> -43.265833
A80: BH129 | B80: S19 34 36.52 | C80: W043 17 36.63 | D80: 79 | E80: =concatenate(RIGHT($G80,2),text($H80+$J80,"00.000"),LEFT($G80,1)) -> 1934.609S | F80: =concatenate(RIGHT($L80,3),text($M80+$O80,"00.000"),LEFT($L80,1)) -> 04317.611W | G80: =IFERROR(__xludf.DUMMYFUNCTION("SPLIT($B80,"" "")"),"S19") -> S19 | H80: =IFERROR(__xludf.DUMMYFUNCTION("""COMPUTED_VALUE"""),34.0) -> 34 | I80: =IFERROR(__xludf.DUMMYFUNCTION("""COMPUTED_VALUE"""),36.52) -> 36.52 | J80: =text(ROUND(I80/60,3),"0.000") -> 0.609 | L80: =IFERROR(__xludf.DUMMYFUNCTION("SPLIT($C80,"" "")"),"W043") -> W043 | M80: =IFERROR(__xludf.DUMMYFUNCTION("""COMPUTED_VALUE"""),17.0) -> 17 | N80: =IFERROR(__xludf.DUMMYFUNCTION("""COMPUTED_VALUE"""),36.63) -> 36.63 | O80: =text(round(N80/60,3),"0.000") -> 0.611 | Q80: =-1*(RIGHT(G80,2)+H80/60+INT(I80)/3600) -> -19.576667 | R80: =-1*(RIGHT(L80,3)+M80/60+int(N80)/3600) -> -43.293333
A81: BH136 | B81: S20 02 14.43 | C81: W044 13 03.92 | D81: 80 | E81: =concatenate(RIGHT($G81,2),text($H81+$J81,"00.000"),LEFT($G81,1)) -> 2002.241S | F81: =concatenate(RIGHT($L81,3),text($M81+$O81,"00.000"),LEFT($L81,1)) -> 04413.065W | G81: =IFERROR(__xludf.DUMMYFUNCTION("SPLIT($B81,"" "")"),"S20") -> S20 | H81: =IFERROR(__xludf.DUMMYFUNCTION("""COMPUTED_VALUE"""),2.0) -> 2 | I81: =IFERROR(__xludf.DUMMYFUNCTION("""COMPUTED_VALUE"""),14.43) -> 14.43 | J81: =text(ROUND(I81/60,3),"0.000") -> 0.241 | L81: =IFERROR(__xludf.DUMMYFUNCTION("SPLIT($C81,"" "")"),"W044") -> W044 | M81: =IFERROR(__xludf.DUMMYFUNCTION("""COMPUTED_VALUE"""),13.0) -> 13 | N81: =IFERROR(__xludf.DUMMYFUNCTION("""COMPUTED_VALUE"""),3.92) -> 3.92 | O81: =text(round(N81/60,3),"0.000") -> 0.065 | Q81: =-1*(RIGHT(G81,2)+H81/60+INT(I81)/3600) -> -20.037222 | R81: =-1*(RIGHT(L81,3)+M81/60+int(N81)/3600) -> -44.2175
A82: BH137 | B82: S20 09 18.68 | C82: W044 17 09.70 | D82: 81 | E82: =concatenate(RIGHT($G82,2),text($H82+$J82,"00.000"),LEFT($G82,1)) -> 2009.311S | F82: =concatenate(RIGHT($L82,3),text($M82+$O82,"00.000"),LEFT($L82,1)) -> 04417.162W | G82: =IFERROR(__xludf.DUMMYFUNCTION("SPLIT($B82,"" "")"),"S20") -> S20 | H82: =IFERROR(__xludf.DUMMYFUNCTION("""COMPUTED_VALUE"""),9.0) -> 9 | I82: =IFERROR(__xludf.DUMMYFUNCTION("""COMPUTED_VALUE"""),18.68) -> 18.68 | J82: =text(ROUND(I82/60,3),"0.000") -> 0.311 | L82: =IFERROR(__xludf.DUMMYFUNCTION("SPLIT($C82,"" "")"),"W044") -> W044 | M82: =IFERROR(__xludf.DUMMYFUNCTION("""COMPUTED_VALUE"""),17.0) -> 17 | N82: =IFERROR(__xludf.DUMMYFUNCTION("""COMPUTED_VALUE"""),9.7) -> 9.7 | O82: =text(round(N82/60,3),"0.000") -> 0.162 | Q82: =-1*(RIGHT(G82,2)+H82/60+INT(I82)/3600) -> -20.155 | R82: =-1*(RIGHT(L82,3)+M82/60+int(N82)/3600) -> -44.285833
A83: BH138 | B83: S20 00 46.21 | C83: W043 47 45.33 | D83: 82 | E83: =concatenate(RIGHT($G83,2),text($H83+$J83,"00.000"),LEFT($G83,1)) -> 2000.770S | F83: =concatenate(RIGHT($L83,3),text($M83+$O83,"00.000"),LEFT($L83,1)) -> 04347.756W | G83: =IFERROR(__xludf.DUMMYFUNCTION("SPLIT($B83,"" "")"),"S20") -> S20 | H83: =IFERROR(__xludf.DUMMYFUNCTION("""COMPUTED_VALUE"""),0.0) -> 0 | I83: =IFERROR(__xludf.DUMMYFUNCTION("""COMPUTED_VALUE"""),46.21) -> 46.21 | J83: =text(ROUND(I83/60,3),"0.000") -> 0.770 | L83: =IFERROR(__xludf.DUMMYFUNCTION("SPLIT($C83,"" "")"),"W043") -> W043 | M83: =IFERROR(__xludf.DUMMYFUNCTION("""COMPUTED_VALUE"""),47.0) -> 47 | N83: =IFERROR(__xludf.DUMMYFUNCTION("""COMPUTED_VALUE"""),45.33) -> 45.33 | O83: =text(round(N83/60,3),"0.000") -> 0.756 | Q83: =-1*(RIGHT(G83,2)+H83/60+INT(I83)/3600) -> -20.012778 | R83: =-1*(RIGHT(L83,3)+M83/60+int(N83)/3600) -> -43.795833
A84: BH139 | B84: S20 05 27.96 | C84: W044 16 25.37 | D84: 83 | E84: =concatenate(RIGHT($G84,2),text($H84+$J84,"00.000"),LEFT($G84,1)) -> 2005.466S | F84: =concatenate(RIGHT($L84,3),text($M84+$O84,"00.000"),LEFT($L84,1)) -> 04416.423W | G84: =IFERROR(__xludf.DUMMYFUNCTION("SPLIT($B84,"" "")"),"S20") -> S20 | H84: =IFERROR(__xludf.DUMMYFUNCTION("""COMPUTED_VALUE"""),5.0) -> 5 | I84: =IFERROR(__xludf.DUMMYFUNCTION("""COMPUTED_VALUE"""),27.96) -> 27.96 | J84: =text(ROUND(I84/60,3),"0.000") -> 0.466 | L84: =IFERROR(__xludf.DUMMYFUNCTION("SPLIT($C84,"" "")"),"W044") -> W044 | M84: =IFERROR(__xludf.DUMMYFUNCTION("""COMPUTED_VALUE"""),16.0) -> 16 | N84: =IFERROR(__xludf.DUMMYFUNCTION("""COMPUTED_VALUE"""),25.37) -> 25.37 | O84: =text(round(N84/60,3),"0.000") -> 0.423 | Q84: =-1*(RIGHT(G84,2)+H84/60+INT(I84)/3600) -> -20.090833 | R84: =-1*(RIGHT(L84,3)+M84/60+int(N84)/3600) -> -44.273611
A85: BH141 | B85: S19 40 01.96 | C85: W044 31 45.77 | D85: 84 | E85: =concatenate(RIGHT($G85,2),text($H85+$J85,"00.000"),LEFT($G85,1)) -> 1940.033S | F85: =concatenate(RIGHT($L85,3),text($M85+$O85,"00.000"),LEFT($L85,1)) -> 04431.763W | G85: =IFERROR(__xludf.DUMMYFUNCTION("SPLIT($B85,"" "")"),"S19") -> S19 | H85: =IFERROR(__xludf.DUMMYFUNCTION("""COMPUTED_VALUE"""),40.0) -> 40 | I85: =IFERROR(__xludf.DUMMYFUNCTION("""COMPUTED_VALUE"""),1.96) -> 1.96 | J85: =text(ROUND(I85/60,3),"0.000") -> 0.033 | L85: =IFERROR(__xludf.DUMMYFUNCTION("SPLIT($C85,"" "")"),"W044") -> W044 | M85: =IFERROR(__xludf.DUMMYFUNCTION("""COMPUTED_VALUE"""),31.0) -> 31 | N85: =IFERROR(__xludf.DUMMYFUNCTION("""COMPUTED_VALUE"""),45.77) -> 45.77 | O85: =text(round(N85/60,3),"0.000") -> 0.763 | Q85: =-1*(RIGHT(G85,2)+H85/60+INT(I85)/3600) -> -19.666944 | R85: =-1*(RIGHT(L85,3)+M85/60+int(N85)/3600) -> -44.529167
A86: BH142 | B86: S19 54 37.95 | C86: W043 27 16.46 | D86: 85 | E86: =concatenate(RIGHT($G86,2),text($H86+$J86,"00.000"),LEFT($G86,1)) -> 1954.633S | F86: =concatenate(RIGHT($L86,3),text($M86+$O86,"00.000"),LEFT($L86,1)) -> 04327.274W | G86: =IFERROR(__xludf.DUMMYFUNCTION("SPLIT($B86,"" "")"),"S19") -> S19 | H86: =IFERROR(__xludf.DUMMYFUNCTION("""COMPUTED_VALUE"""),54.0) -> 54 | I86: =IFERROR(__xludf.DUMMYFUNCTION("""COMPUTED_VALUE"""),37.95) -> 37.95 | J86: =text(ROUND(I86/60,3),"0.000") -> 0.633 | L86: =IFERROR(__xludf.DUMMYFUNCTION("SPLIT($C86,"" "")"),"W043") -> W043 | M86: =IFERROR(__xludf.DUMMYFUNCTION("""COMPUTED_VALUE"""),27.0) -> 27 | N86: =IFERROR(__xludf.DUMMYFUNCTION("""COMPUTED_VALUE"""),16.46) -> 16.46 | O86: =text(round(N86/60,3),"0.000") -> 0.274 | Q86: =-1*(RIGHT(G86,2)+H86/60+INT(I86)/3600) -> -19.910278 | R86: =-1*(RIGHT(L86,3)+M86/60+int(N86)/3600) -> -43.454444
A87: BH144 | B87: S20 10 37.53 | C87: W044 02 05.70 | D87: 86 | E87: =concatenate(RIGHT($G87,2),text($H87+$J87,"00.000"),LEFT($G87,1)) -> 2010.626S | F87: =concatenate(RIGHT($L87,3),text($M87+$O87,"00.000"),LEFT($L87,1)) -> 04402.095W | G87: =IFERROR(__xludf.DUMMYFUNCTION("SPLIT($B87,"" "")"),"S20") -> S20 | H87: =IFERROR(__xludf.DUMMYFUNCTION("""COMPUTED_VALUE"""),10.0) -> 10 | I87: =IFERROR(__xludf.DUMMYFUNCTION("""COMPUTED_VALUE"""),37.53) -> 37.53 | J87: =text(ROUND(I87/60,3),"0.000") -> 0.626 | L87: =IFERROR(__xludf.DUMMYFUNCTION("SPLIT($C87,"" "")"),"W044") -> W044 | M87: =IFERROR(__xludf.DUMMYFUNCTION("""COMPUTED_VALUE"""),2.0) -> 2 | N87: =IFERROR(__xludf.DUMMYFUNCTION("""COMPUTED_VALUE"""),5.7) -> 5.7 | O87: =text(round(N87/60,3),"0.000") -> 0.095 | Q87: =-1*(RIGHT(G87,2)+H87/60+INT(I87)/3600) -> -20.176944 | R87: =-1*(RIGHT(L87,3)+M87/60+int(N87)/3600) -> -44.034722
A88: BH147 | B88: S19 47 04.82 | C88: W044 27 35.81 | D88: 87 | E88: =concatenate(RIGHT($G88,2),text($H88+$J88,"00.000"),LEFT($G88,1)) -> 1947.080S | F88: =concatenate(RIGHT($L88,3),text($M88+$O88,"00.000"),LEFT($L88,1)) -> 04427.597W | G88: =IFERROR(__xludf.DUMMYFUNCTION("SPLIT($B88,"" "")"),"S19") -> S19 | H88: =IFERROR(__xludf.DUMMYFUNCTION("""COMPUTED_VALUE"""),47.0) -> 47 | I88: =IFERROR(__xludf.DUMMYFUNCTION("""COMPUTED_VALUE"""),4.82) -> 4.82 | J88: =text(ROUND(I88/60,3),"0.000") -> 0.080 | L88: =IFERROR(__xludf.DUMMYFUNCTION("SPLIT($C88,"" "")"),"W044") -> W044 | M88: =IFERROR(__xludf.DUMMYFUNCTION("""COMPUTED_VALUE"""),27.0) -> 27 | N88: =IFERROR(__xludf.DUMMYFUNCTION("""COMPUTED_VALUE"""),35.81) -> 35.81 | O88: =text(round(N88/60,3),"0.000") -> 0.597 | Q88: =-1*(RIGHT(G88,2)+H88/60+INT(I88)/3600) -> -19.784444 | R88: =-1*(RIGHT(L88,3)+M88/60+int(N88)/3600) -> -44.459722
A89: BH149 | B89: S20 10 30.74 | C89: W043 45 50.46 | D89: 88 | E89: =concatenate(RIGHT($G89,2),text($H89+$J89,"00.000"),LEFT($G89,1)) -> 2010.512S | F89: =concatenate(RIGHT($L89,3),text($M89+$O89,"00.000"),LEFT($L89,1)) -> 04345.841W | G89: =IFERROR(__xludf.DUMMYFUNCTION("SPLIT($B89,"" "")"),"S20") -> S20 | H89: =IFERROR(__xludf.DUMMYFUNCTION("""COMPUTED_VALUE"""),10.0) -> 10 | I89: =IFERROR(__xludf.DUMMYFUNCTION("""COMPUTED_VALUE"""),30.74) -> 30.74 | J89: =text(ROUND(I89/60,3),"0.000") -> 0.512 | L89: =IFERROR(__xludf.DUMMYFUNCTION("SPLIT($C89,"" "")"),"W043") -> W043 | M89: =IFERROR(__xludf.DUMMYFUNCTION("""COMPUTED_VALUE"""),45.0) -> 45 | N89: =IFERROR(__xludf.DUMMYFUNCTION("""COMPUTED_VALUE"""),50.46) -> 50.46 | O89: =text(round(N89/60,3),"0.000") -> 0.841 | Q89: =-1*(RIGHT(G89,2)+H89/60+INT(I89)/3600) -> -20.175 | R89: =-1*(RIGHT(L89,3)+M89/60+int(N89)/3600) -> -43.763889
A90: BH151 | B90: S20 21 07.45 | C90: W043 57 23.65 | D90: 89 | E90: =concatenate(RIGHT($G90,2),text($H90+$J90,"00.000"),LEFT($G90,1)) -> 2021.124S | F90: =concatenate(RIGHT($L90,3),text($M90+$O90,"00.000"),LEFT($L90,1)) -> 04357.394W | G90: =IFERROR(__xludf.DUMMYFUNCTION("SPLIT($B90,"" "")"),"S20") -> S20 | H90: =IFERROR(__xludf.DUMMYFUNCTION("""COMPUTED_VALUE"""),21.0) -> 21 | I90: =IFERROR(__xludf.DUMMYFUNCTION("""COMPUTED_VALUE"""),7.45) -> 7.45 | J90: =text(ROUND(I90/60,3),"0.000") -> 0.124 | L90: =IFERROR(__xludf.DUMMYFUNCTION("SPLIT($C90,"" "")"),"W043") -> W043 | M90: =IFERROR(__xludf.DUMMYFUNCTION("""COMPUTED_VALUE"""),57.0) -> 57 | N90: =IFERROR(__xludf.DUMMYFUNCTION("""COMPUTED_VALUE"""),23.65) -> 23.65 | O90: =text(round(N90/60,3),"0.000") -> 0.394 | Q90: =-1*(RIGHT(G90,2)+H90/60+INT(I90)/3600) -> -20.351944 | R90: =-1*(RIGHT(L90,3)+M90/60+int(N90)/3600) -> -43.956389
A91: BH152 | B91: S20 16 37.88 | C91: W044 12 29.55 | D91: 90 | E91: =concatenate(RIGHT($G91,2),text($H91+$J91,"00.000"),LEFT($G91,1)) -> 2016.631S | F91: =concatenate(RIGHT($L91,3),text($M91+$O91,"00.000"),LEFT($L91,1)) -> 04412.493W | G91: =IFERROR(__xludf.DUMMYFUNCTION("SPLIT($B91,"" "")"),"S20") -> S20 | H91: =IFERROR(__xludf.DUMMYFUNCTION("""COMPUTED_VALUE"""),16.0) -> 16 | I91: =IFERROR(__xludf.DUMMYFUNCTION("""COMPUTED_VALUE"""),37.88) -> 37.88 | J91: =text(ROUND(I91/60,3),"0.000") -> 0.631 | L91: =IFERROR(__xludf.DUMMYFUNCTION("SPLIT($C91,"" "")"),"W044") -> W044 | M91: =IFERROR(__xludf.DUMMYFUNCTION("""COMPUTED_VALUE"""),12.0) -> 12 | N91: =IFERROR(__xludf.DUMMYFUNCTION("""COMPUTED_VALUE"""),29.55) -> 29.55 | O91: =text(round(N91/60,3),"0.000") -> 0.493 | Q91: =-1*(RIGHT(G91,2)+H91/60+INT(I91)/3600) -> -20.276944 | R91: =-1*(RIGHT(L91,3)+M91/60+int(N91)/3600) -> -44.208056
A92: BH153 | B92: S19 49 20.91 | C92: W044 23 44.19 | D92: 91 | E92: =concatenate(RIGHT($G92,2),text($H92+$J92,"00.000"),LEFT($G92,1)) -> 1949.349S | F92: =concatenate(RIGHT($L92,3),text($M92+$O92,"00.000"),LEFT($L92,1)) -> 04423.737W | G92: =IFERROR(__xludf.DUMMYFUNCTION("SPLIT($B92,"" "")"),"S19") -> S19 | H92: =IFERROR(__xludf.DUMMYFUNCTION("""COMPUTED_VALUE"""),49.0) -> 49 | I92: =IFERROR(__xludf.DUMMYFUNCTION("""COMPUTED_VALUE"""),20.91) -> 20.91 | J92: =text(ROUND(I92/60,3),"0.000") -> 0.349 | L92: =IFERROR(__xludf.DUMMYFUNCTION("SPLIT($C92,"" "")"),"W044") -> W044 | M92: =IFERROR(__xludf.DUMMYFUNCTION("""COMPUTED_VALUE"""),23.0) -> 23 | N92: =IFERROR(__xludf.DUMMYFUNCTION("""COMPUTED_VALUE"""),44.19) -> 44.19 | O92: =text(round(N92/60,3),"0.000") -> 0.737 | Q92: =-1*(RIGHT(G92,2)+H92/60+INT(I92)/3600) -> -19.822222 | R92: =-1*(RIGHT(L92,3)+M92/60+int(N92)/3600) -> -44.395556
A93: BH154 | B93: S19 41 32.64 | C93: W044 30 27.77 | D93: 92 | E93: =concatenate(RIGHT($G93,2),text($H93+$J93,"00.000"),LEFT($G93,1)) -> 1941.544S | F93: =concatenate(RIGHT($L93,3),text($M93+$O93,"00.000"),LEFT($L93,1)) -> 04430.463W | G93: =IFERROR(__xludf.DUMMYFUNCTION("SPLIT($B93,"" "")"),"S19") -> S19 | H93: =IFERROR(__xludf.DUMMYFUNCTION("""COMPUTED_VALUE"""),41.0) -> 41 | I93: =IFERROR(__xludf.DUMMYFUNCTION("""COMPUTED_VALUE"""),32.64) -> 32.64 | J93: =text(ROUND(I93/60,3),"0.000") -> 0.544 | L93: =IFERROR(__xludf.DUMMYFUNCTION("SPLIT($C93,"" "")"),"W044") -> W044 | M93: =IFERROR(__xludf.DUMMYFUNCTION("""COMPUTED_VALUE"""),30.0) -> 30 | N93: =IFERROR(__xludf.DUMMYFUNCTION("""COMPUTED_VALUE"""),27.77) -> 27.77 | O93: =text(round(N93/60,3),"0.000") -> 0.463 | Q93: =-1*(RIGHT(G93,2)+H93/60+INT(I93)/3600) -> -19.692222 | R93: =-1*(RIGHT(L93,3)+M93/60+int(N93)/3600) -> -44.5075
A94: BH156 | B94: S19 35 07.40 | C94: W044 35 58.83 | D94: 93 | E94: =concatenate(RIGHT($G94,2),text($H94+$J94,"00.000"),LEFT($G94,1)) -> 1935.123S | F94: =concatenate(RIGHT($L94,3),text($M94+$O94,"00.000"),LEFT($L94,1)) -> 04435.981W | G94: =IFERROR(__xludf.DUMMYFUNCTION("SPLIT($B94,"" "")"),"S19") -> S19 | H94: =IFERROR(__xludf.DUMMYFUNCTION("""COMPUTED_VALUE"""),35.0) -> 35 | I94: =IFERROR(__xludf.DUMMYFUNCTION("""COMPUTED_VALUE"""),7.4) -> 7.4 | J94: =text(ROUND(I94/60,3),"0.000") -> 0.123 | L94: =IFERROR(__xludf.DUMMYFUNCTION("SPLIT($C94,"" "")"),"W044") -> W044 | M94: =IFERROR(__xludf.DUMMYFUNCTION("""COMPUTED_VALUE"""),35.0) -> 35 | N94: =IFERROR(__xludf.DUMMYFUNCTION("""COMPUTED_VALUE"""),58.83) -> 58.83 | O94: =text(round(N94/60,3),"0.000") -> 0.981 | Q94: =-1*(RIGHT(G94,2)+H94/60+INT(I94)/3600) -> -19.585278 | R94: =-1*(RIGHT(L94,3)+M94/60+int(N94)/3600) -> -44.599444
A95: BH159 | B95: S19 57 19.19 | C95: W044 09 56.14 | D95: 94 | E95: =concatenate(RIGHT($G95,2),text($H95+$J95,"00.000"),LEFT($G95,1)) -> 1957.320S | F95: =concatenate(RIGHT($L95,3),text($M95+$O95,"00.000"),LEFT($L95,1)) -> 04409.936W | G95: =IFERROR(__xludf.DUMMYFUNCTION("SPLIT($B95,"" "")"),"S19") -> S19 | H95: =IFERROR(__xludf.DUMMYFUNCTION("""COMPUTED_VALUE"""),57.0) -> 57 | I95: =IFERROR(__xludf.DUMMYFUNCTION("""COMPUTED_VALUE"""),19.19) -> 19.19 | J95: =text(ROUND(I95/60,3),"0.000") -> 0.320 | L95: =IFERROR(__xludf.DUMMYFUNCTION("SPLIT($C95,"" "")"),"W044") -> W044 | M95: =IFERROR(__xludf.DUMMYFUNCTION("""COMPUTED_VALUE"""),9.0) -> 9 | N95: =IFERROR(__xludf.DUMMYFUNCTION("""COMPUTED_VALUE"""),56.14) -> 56.14 | O95: =text(round(N95/60,3),"0.000") -> 0.936 | Q95: =-1*(RIGHT(G95,2)+H95/60+INT(I95)/3600) -> -19.955278 | R95: =-1*(RIGHT(L95,3)+M95/60+int(N95)/3600) -> -44.165556
A96: BH161 | B96: S19 49 12.33 | C96: W043 20 02.26 | D96: 95 | E96: =concatenate(RIGHT($G96,2),text($H96+$J96,"00.000"),LEFT($G96,1)) -> 1949.206S | F96: =concatenate(RIGHT($L96,3),text($M96+$O96,"00.000"),LEFT($L96,1)) -> 04320.038W | G96: =IFERROR(__xludf.DUMMYFUNCTION("SPLIT($B96,"" "")"),"S19") -> S19 | H96: =IFERROR(__xludf.DUMMYFUNCTION("""COMPUTED_VALUE"""),49.0) -> 49 | I96: =IFERROR(__xludf.DUMMYFUNCTION("""COMPUTED_VALUE"""),12.33) -> 12.33 | J96: =text(ROUND(I96/60,3),"0.000") -> 0.206 | L96: =IFERROR(__xludf.DUMMYFUNCTION("SPLIT($C96,"" "")"),"W043") -> W043 | M96: =IFERROR(__xludf.DUMMYFUNCTION("""COMPUTED_VALUE"""),20.0) -> 20 | N96: =IFERROR(__xludf.DUMMYFUNCTION("""COMPUTED_VALUE"""),2.26) -> 2.26 | O96: =text(round(N96/60,3),"0.000") -> 0.038 | Q96: =-1*(RIGHT(G96,2)+H96/60+INT(I96)/3600) -> -19.82 | R96: =-1*(RIGHT(L96,3)+M96/60+int(N96)/3600) -> -43.333889
A97: BH163 | B97: S20 13 01.42 | C97: W043 35 10.29 | D97: 96 | E97: =concatenate(RIGHT($G97,2),text($H97+$J97,"00.000"),LEFT($G97,1)) -> 2013.024S | F97: =concatenate(RIGHT($L97,3),text($M97+$O97,"00.000"),LEFT($L97,1)) -> 04335.172W | G97: =IFERROR(__xludf.DUMMYFUNCTION("SPLIT($B97,"" "")"),"S20") -> S20 | H97: =IFERROR(__xludf.DUMMYFUNCTION("""COMPUTED_VALUE"""),13.0) -> 13 | I97: =IFERROR(__xludf.DUMMYFUNCTION("""COMPUTED_VALUE"""),1.42) -> 1.42 | J97: =text(ROUND(I97/60,3),"0.000") -> 0.024 | L97: =IFERROR(__xludf.DUMMYFUNCTION("SPLIT($C97,"" "")"),"W043") -> W043 | M97: =IFERROR(__xludf.DUMMYFUNCTION("""COMPUTED_VALUE"""),35.0) -> 35 | N97: =IFERROR(__xludf.DUMMYFUNCTION("""COMPUTED_VALUE"""),10.29) -> 10.29 | O97: =text(round(N97/60,3),"0.000") -> 0.172 | Q97: =-1*(RIGHT(G97,2)+H97/60+INT(I97)/3600) -> -20.216944 | R97: =-1*(RIGHT(L97,3)+M97/60+int(N97)/3600) -> -43.586111
A98: BH164 | B98: S20 11 56.40 | C98: W043 28 34.61 | D98: 97 | E98: =concatenate(RIGHT($G98,2),text($H98+$J98,"00.000"),LEFT($G98,1)) -> 2011.940S | F98: =concatenate(RIGHT($L98,3),text($M98+$O98,"00.000"),LEFT($L98,1)) -> 04328.577W | G98: =IFERROR(__xludf.DUMMYFUNCTION("SPLIT($B98,"" "")"),"S20") -> S20 | H98: =IFERROR(__xludf.DUMMYFUNCTION("""COMPUTED_VALUE"""),11.0) -> 11 | I98: =IFERROR(__xludf.DUMMYFUNCTION("""COMPUTED_VALUE"""),56.4) -> 56.4 | J98: =text(ROUND(I98/60,3),"0.000") -> 0.940 | L98: =IFERROR(__xludf.DUMMYFUNCTION("SPLIT($C98,"" "")"),"W043") -> W043 | M98: =IFERROR(__xludf.DUMMYFUNCTION("""COMPUTED_VALUE"""),28.0) -> 28 | N98: =IFERROR(__xludf.DUMMYFUNCTION("""COMPUTED_VALUE"""),34.61) -> 34.61 | O98: =text(round(N98/60,3),"0.000") -> 0.577 | Q98: =-1*(RIGHT(G98,2)+H98/60+INT(I98)/3600) -> -20.198889 | R98: =-1*(RIGHT(L98,3)+M98/60+int(N98)/3600) -> -43.476111
A99: BH166 | B99: S20 10 22.07 | C99: W043 22 28.27 | D99: 98 | E99: =concatenate(RIGHT($G99,2),text($H99+$J99,"00.000"),LEFT($G99,1)) -> 2010.368S | F99: =concatenate(RIGHT($L99,3),text($M99+$O99,"00.000"),LEFT($L99,1)) -> 04322.471W | G99: =IFERROR(__xludf.DUMMYFUNCTION("SPLIT($B99,"" "")"),"S20") -> S20 | H99: =IFERROR(__xludf.DUMMYFUNCTION("""COMPUTED_VALUE"""),10.0) -> 10 | I99: =IFERROR(__xludf.DUMMYFUNCTION("""COMPUTED_VALUE"""),22.07) -> 22.07 | J99: =text(ROUND(I99/60,3),"0.000") -> 0.368 | L99: =IFERROR(__xludf.DUMMYFUNCTION("SPLIT($C99,"" "")"),"W043") -> W043 | M99: =IFERROR(__xludf.DUMMYFUNCTION("""COMPUTED_VALUE"""),22.0) -> 22 | N99: =IFERROR(__xludf.DUMMYFUNCTION("""COMPUTED_VALUE"""),28.27) -> 28.27 | O99: =text(round(N99/60,3),"0.000") -> 0.471 | Q99: =-1*(RIGHT(G99,2)+H99/60+INT(I99)/3600) -> -20.172778 | R99: =-1*(RIGHT(L99,3)+M99/60+int(N99)/3600) -> -43.374444
A100: BH167 | B100: S20 13 20.20 | C100: W044 26 34.83 | D100: 99 | E100: =concatenate(RIGHT($G100,2),text($H100+$J100,"00.000"),LEFT($G100,1)) -> 2013.337S | F100: =concatenate(RIGHT($L100,3),text($M100+$O100,"00.000"),LEFT($L100,1)) -> 04426.581W | G100: =IFERROR(__xludf.DUMMYFUNCTION("SPLIT($B100,"" "")"),"S20") -> S20 | H100: =IFERROR(__xludf.DUMMYFUNCTION("""COMPUTED_VALUE"""),13.0) -> 13 | I100: =IFERROR(__xludf.DUMMYFUNCTION("""COMPUTED_VALUE"""),20.2) -> 20.2 | J100: =text(ROUND(I100/60,3),"0.000") -> 0.337 | L100: =IFERROR(__xludf.DUMMYFUNCTION("SPLIT($C100,"" "")"),"W044") -> W044 | M100: =IFERROR(__xludf.DUMMYFUNCTION("""COMPUTED_VALUE"""),26.0) -> 26 | N100: =IFERROR(__xludf.DUMMYFUNCTION("""COMPUTED_VALUE"""),34.83) -> 34.83 | O100: =text(round(N100/60,3),"0.000") -> 0.581 | Q100: =-1*(RIGHT(G100,2)+H100/60+INT(I100)/3600) -> -20.222222 | R100: =-1*(RIGHT(L100,3)+M100/60+int(N100)/3600) -> -44.442778
...
